smiles,0,1
CCC(CNC(=O)CN1CCCC1)NC(=O)C1CS(=O)(=O)C1,7ga3-a,7ga2-a
COC1(C(=O)NC(C(=O)N2CCCC2)C(C)C)CS(=O)(=O)C1,7ga3-a,7ga2-a
CCCN(CCN1CCCC1)C(=O)NCC1CS(=O)(=O)C1,7ga3-a,7ga2-a
CC(CNC(=O)C1CCS1(=O)=O)NC(=O)C(C)(C)N1CCCC1,7ga3-a,7ga2-a
CN(C(C)(C)CN1CCCC1)S(=O)(=O)C1CS(=O)(=O)C1,7ga3-a,7ga2-a
O=S1(=O)CC(C2CN(S(=O)(=O)N3CCCC3)C2)C1,7ga3-a,7ga2-a
CC(CNC(=O)CCCN1CCCC1)NC(=O)C1CS(=O)(=O)C1,7ga3-a,7ga2-a
CCC(CNC(=O)CN1CCCC1)NC(=O)CC1CS(=O)(=O)C1,7ga3-a,7ga2-a
O=S1(=O)CCC1CNS(=O)(=O)N1CCCC1,7ga3-a,7ga2-a
O=C(NCC(CN1CCCC1)C1CC1)C1CCS1(=O)=O,7ga3-a,7ga2-a
CC(C)C(C(=O)NCC1CS(=O)(=O)C1)N1CCCC1,7ga3-a,7ga2-a
O=S1(=O)CC(CCN2CCCC2)C1,7ga3-a,7ga2-a
CN(Cc1ccc(N2CCCC2)cc1)C(=O)C1CS(=O)(=O)C1,7ga3-a,7ga2-a
O=S1(=O)CC(NN2CCCC2)C1,7ga3-a,7ga2-a
NC1(CC(=O)NCC(=O)N2CCCC2)CS(=O)(=O)C1,7ga3-a,7ga2-a
NC1(CC(=O)NS(=O)(=O)N2CCCC2)CS(=O)(=O)C1,7ga3-a,7ga2-a
CC(CCNC(=O)CN1CCCC1)NC(=O)CC1CS(=O)(=O)C1,7ga3-a,7ga2-a
COC1(C(=O)OC(C)CN2CCCC2)CS(=O)(=O)C1,7ga3-a,7ga2-a
NC(C(=O)N1CCCC(N2CCCC2)C1)C1CS(=O)(=O)C1,7ga3-a,7ga2-a
CN(CC(=O)N1CCCC1)C(=O)CC1CS(=O)(=O)C1,7ga3-a,7ga2-a
CC(NC(=O)NCCCCN1CCCC1)C1CS(=O)(=O)C1,7ga3-a,7ga2-a
O=C(Nc1ccc(N2CCCC2)nc1)C1CS(=O)(=O)C1,7ga3-a,7ga2-a
N=C(NC1CS(=O)(=O)C1)N1CCCC1,7ga3-a,7ga2-a
CC(CNC(=O)CC1CS(=O)(=O)C1)N(C)C(=O)CN1CCCC1,7ga3-a,7ga2-a
CC(CNC(=O)CN1CCCC1)N(C)C(=O)C1CS(=O)(=O)C1,7ga3-a,7ga2-a
CC(C)(CNC(=O)C(N)C1CS(=O)(=O)C1)CN1CCCC1,7ga3-a,7ga2-a
O=C(NCCC(c1ccccc1)N1CCCC1)C1CS(=O)(=O)C1,7ga3-a,7ga2-a
CCC(CNC(=O)CC1CS(=O)(=O)C1)NC(=O)CN1CCCC1,7ga3-a,7ga2-a
CC(CN1CCCC1)NC1CS(=O)(=O)C1,7ga3-a,7ga2-a
CC(CNC(=O)CC1CS(=O)(=O)C1)NC(=O)CN1CCCC1,7ga3-a,7ga2-a
CC(CCNC(=O)CN1CCCC1)NC(=O)C1CS(=O)(=O)C1,7ga3-a,7ga2-a
O=C(O)C1(N2CCCC2)CS(=O)(=O)C1,7ga3-a,7ga2-a
CC(CN1CCCC1)NC(=O)C(=O)NCC1CCS1(=O)=O,7ga3-a,7ga2-a
CC(CNC(=O)CN1CCCC1)NC(=O)CC1CS(=O)(=O)C1,7ga3-a,7ga2-a
O=C(NCCN1CCCC1)C1CCS1(=O)=O,7ga3-a,7ga2-a
O=C(NCC(c1ccsc1)N1CCCC1)C1CCS1(=O)=O,7ga3-a,7ga2-a
CC(C)CC(CN1CCCC1)NC(=O)C(N)C1CS(=O)(=O)C1,7ga3-a,7ga2-a
CC(CNC(=O)C1CS(=O)(=O)C1)NC(=O)CN1CCCC1,7ga3-a,7ga2-a
CC(CNC(=O)C1CS(=O)(=O)C1)NC(=O)CC1(N2CCCC2)CC1,7ga3-a,7ga2-a
O=S1(=O)CC(CNCCN2CCCC2)C1,7ga3-a,7ga2-a
O=S1(=O)CC(CN(CCN2CCCC2)C2CCCCCCC2)C1,7ga3-a,7ga2-a
CCC(CN1CCCC1)NC(=O)NCC1CCS1(=O)=O,7ga3-a,7ga2-a
CN(CC(=O)N1CCCC1)C(=O)NCC1CS(=O)(=O)C1,7ga3-a,7ga2-a
O=C(NCC1(N2CCCC2)CCOCC1)C1CCS1(=O)=O,7ga3-a,7ga2-a
O=S1(=O)CC(S(=O)(=O)Oc2cccc(N3CCCC3)c2)C1,7ga3-a,7ga2-a
NC(CC1CS(=O)(=O)C1)CN1CCCC1,7ga3-a,7ga2-a
CC(CN(C)C(=O)CN1CCCC1)NC(=O)C1CS(=O)(=O)C1,7ga3-a,7ga2-a
O=C(NCCCN1CCCC1)NCCC1CS(=O)(=O)C1,7ga3-a,7ga2-a
CC1(CNC(=O)CNC(=O)N2CCCC2)CS(=O)(=O)C1,7ga3-a,7ga2-a
O=C(NC1CS(=O)(=O)C1)N1CCCC1,7ga3-a,7ga2-a
O=C(NC1CS(=O)(=O)C1)c1ccnc(N2CCCC2)n1,7ga3-a,7ga2-a
O=S1(=O)CC(CN2CCCC2)C1,7ga3-a,7ga2-a
CC1(CS(=O)(=O)NCCCN2CCCC2)CS(=O)(=O)C1,7ga3-a,7ga2-a
CC(OC(=O)C1(C)CS(=O)(=O)C1)C(=O)N1CCCC1,7ga3-a,7ga2-a
CC1(CN2CCCC2)CS(=O)(=O)C1,7ga3-a,7ga2-a
CC1(CNC(=O)CNC(=O)N2CCCC2)CS(=O)(=O)C1,7ga3-a,7ga2-a
CC1(C(=O)N2CCCC2)CS(=O)(=O)C1,7ga3-a,7ga2-a
CC1(CNC(=O)NCCCCCN2CCCC2)CS(=O)(=O)C1,7ga3-a,7ga2-a
CC1(CN2CCCC2)CS(=O)(=O)C1,7ga3-a,7ga2-a
CC(CN1CCCC1)NS(=O)(=O)CC1(C)CS(=O)(=O)C1,7ga3-a,7ga2-a
CN(CCN1CCCC1)C(=O)NCC1(C)CS(=O)(=O)C1,7ga3-a,7ga2-a
CC(COCC(=O)NC1(C)CS(=O)(=O)C1)N1CCCC1,7ga3-a,7ga2-a
CC1(CNN2CCCC2)CS(=O)(=O)C1,7ga3-a,7ga2-a
O=S1(=O)CC(CN2CCC(N3CCCC3)CC2)C1,7ga3-a,7ga2-a
CC(CS(=O)(=O)N1CCCC1)OC(=O)C1(C)CS(=O)(=O)C1,7ga3-a,7ga2-a
O=S1(=O)CC(CC(O)CN2CCCC2)C1,7ga3-a,7ga2-a
O=C(CN1CCN(C2CS(=O)(=O)C2)CC1)N1CCCC1,7ga3-a,7ga2-a
CC(CN1CCCC1)NS(=O)(=O)CC1(C)CS(=O)(=O)C1,7ga3-a,7ga2-a
COC(=O)C1(N2CCCC2)CS(=O)(=O)C1,7ga3-a,7ga2-a
O=C(C1CCS1(=O)=O)N1CCCC1,7ga3-a,7ga2-a
O=C(CC1CCN(C2CS(=O)(=O)C2)CC1)N1CCCC1,7ga3-a,7ga2-a
O=C(CN1CCN(C2CS(=O)(=O)C2)CC1)N1CCCC1,7ga3-a,7ga2-a
CCN(CCNC(=O)C(C)(C)N1CCCC1)C(=O)C1CS(=O)(=O)C1,7ga3-a,7ga2-a
NC1(CC(=O)NS(=O)(=O)N2CCCC2)CS(=O)(=O)C1,7ga3-a,7ga2-a
NCC(C1CS(=O)(=O)C1)N1CCCC1,7ga3-a,7ga2-a
O=C(CN1CCCC1)NC(CO)CNC(=O)C1CS(=O)(=O)C1,7ga3-a,7ga2-a
CC(CNC(=O)C(=O)NCCC1CS(=O)(=O)C1)CN1CCCC1,7ga3-a,7ga2-a
CC(COCC(=O)NC1(C)CS(=O)(=O)C1)N1CCCC1,7ga3-a,7ga2-a
CCN(CCCN1CCCC1)C(=O)C1(OC)CS(=O)(=O)C1,7ga3-a,7ga2-a
O=C(NCC1CS(=O)(=O)C1)NCC(CN1CCCC1)C1CC1,7ga3-a,7ga2-a
O=C(CC1(N2CCCC2)CC1)NCC1CS(=O)(=O)C1,7ga3-a,7ga2-a
CC(CNC(=O)C1CS(=O)(=O)C1)NC(=O)CC1(N2CCCC2)CC1,7ga3-a,7ga2-a
O=C(NCCN(C(=O)CN1CCCC1)C1CC1)C1CS(=O)(=O)C1,7ga3-a,7ga2-a
O=C(NCC(CN1CCCC1)C1CC1)C1CCS1(=O)=O,7ga3-a,7ga2-a
O=C(NCC(CN1CCCC1)C1CC1)NCC1CCS1(=O)=O,7ga3-a,7ga2-a
O=C(CN1CCCC1)NCC(NC(=O)C1CS(=O)(=O)C1)C1CC1,7ga3-a,7ga2-a
O=S1(=O)CC(S(=O)(=O)Nc2cccc(N3CCCC3)c2)C1,7ga3-a,7ga2-a
O=S1(=O)CC(S(=O)(=O)Nc2ccc(N3CCCC3)nc2)C1,7ga3-a,7ga2-a
O=S1(=O)CC(CCO)(NS(=O)(=O)CCCN2CCCC2)C1,7ga3-a,7ga2-a
O=C(C=CCN1CCCC1)NC1(CCO)CS(=O)(=O)C1,7ga3-a,7ga2-a
O=C(CNC(=O)N1CCCC1)NC1(CCO)CS(=O)(=O)C1,7ga3-a,7ga2-a
O=S1(=O)CC(CCOc2ccc(N3CCCC3)cc2)C1,7ga3-a,7ga2-a
O=C(NCc1ccc(N2CCCC2)cn1)NCC1CCS1(=O)=O,7ga3-a,7ga2-a
CCC(C)C(NC(=O)N1CCCC1)C(=O)NCC1CCS1(=O)=O,7ga3-a,7ga2-a
CC(CN1CCCC1)NC(=O)NC(C)C1CS(=O)(=O)C1,7ga3-a,7ga2-a
O=C(NCCC1CS(=O)(=O)C1)NCc1ccc(N2CCCC2)cc1,7ga3-a,7ga2-a
O=S1(=O)CC(S(=O)(=O)NCc2nnc(N3CCCC3)o2)C1,7ga3-a,7ga2-a
NC(C(=O)Nc1cccc(N2CCCC2)c1)C1CS(=O)(=O)C1,7ga3-a,7ga2-a
O=C(CN1CCCC1)NCCN(CCO)C(=O)C1CS(=O)(=O)C1,7ga3-a,7ga2-a
CC(OC(=O)C1(C)CS(=O)(=O)C1)C(=O)N1CCCC1,7ga3-a,7ga2-a
O=S1(=O)CCC1C1CCCN1,7ga3-a,7ga2-a
O=S1(=O)CC(C2CCCN2)C1,7ga3-a,7ga2-a
O=S1(=O)CC(CCC2CCCN2)C1,7ga3-a,7ga2-a
CC1(CCC2CCCN2)CS(=O)(=O)C1,7ga3-a,7ga2-a
CN(CC1CCCN1)C(=O)C1CS(=O)(=O)C1,7ga3-a,7ga2-a
CN(CC1CCCN1)C(=O)C1(C)CS(=O)(=O)C1,7ga3-a,7ga2-a
CC(O)(C1CS(=O)(=O)C1)C1CCCN1,7ga3-a,7ga2-a
CC(O)(C1CCCN1)C1(C#N)CS(=O)(=O)C1,7ga3-a,7ga2-a
CC(F)(CC1CS(=O)(=O)C1)C1CCCN1,7ga3-a,7ga2-a
NC1(CC(=O)NCC2CCCN2)CS(=O)(=O)C1,7ga3-a,7ga2-a
CC(=CC1CS(=O)(=O)C1)C1CCCN1,7ga3-a,7ga2-a
O=C(NCCCC1CCCN1)C1CS(=O)(=O)C1,7ga3-a,7ga2-a
CC(CC1CCCN1)NC1CS(=O)(=O)C1,7ga3-a,7ga2-a
CC(NCC1CS(=O)(=O)C1)C1CCCN1,7ga3-a,7ga2-a
O=C(NC1CS(=O)(=O)C1)C1CCCN1,7ga3-a,7ga2-a
CC1(C2CCCN2)CS(=O)(=O)C1,7ga3-a,7ga2-a
O=S1(=O)CC(CC2CCCN2)C1,7ga3-a,7ga2-a
CC1(NC(=O)CCC2CCCN2)CS(=O)(=O)C1,7ga3-a,7ga2-a
CC1(CCC2CCCN2)CS(=O)(=O)C1,7ga3-a,7ga2-a
CC1(CC2CCCN2)CS(=O)(=O)C1,7ga3-a,7ga2-a
CN(CC1CCCN1)C(=O)C1(C)CS(=O)(=O)C1,7ga3-a,7ga2-a
CC1(C=CC2CCCN2)CS(=O)(=O)C1,7ga3-a,7ga2-a
CC1(NCC2CCCN2)CS(=O)(=O)C1,7ga3-a,7ga2-a
O=S1(=O)CC(Cn2cc(C3CCCN3)nn2)C1,7ga3-a,7ga2-a
CC1(C(=O)NCC2CCCN2)CS(=O)(=O)C1,7ga3-a,7ga2-a
CC1(C(=O)NCCC2CCCN2)CS(=O)(=O)C1,7ga3-a,7ga2-a
CC1(CC2CCCN2)CS(=O)(=O)C1,7ga3-a,7ga2-a
O=S1(=O)CC(CN2CCC(C3CCCN3)CC2)C1,7ga3-a,7ga2-a
O=S1(=O)CC(CC(O)CC2CCCN2)C1,7ga3-a,7ga2-a
CC(O)(CC1CS(=O)(=O)C1)C1CCCN1,7ga3-a,7ga2-a
O=S1(=O)CC(n2cncc2C2CCCN2)C1,7ga3-a,7ga2-a
CN(CC1CCCN1)C1CS(=O)(=O)C1,7ga3-a,7ga2-a
CC(=CC1CS(=O)(=O)C1)CC1CCCN1,7ga3-a,7ga2-a
O=S1(=O)CC(CC(O)C2CCCN2)C1,7ga3-a,7ga2-a
O=S1(=O)CC(c2nc(C3CCCN3)cs2)C1,7ga3-a,7ga2-a
O=C(CC1CS(=O)(=O)C1)C1CCCN1,7ga3-a,7ga2-a
CC1(C(=O)NCCC2CCCN2)CS(=O)(=O)C1,7ga3-a,7ga2-a
O=S1(=O)CC(c2nc(C3CCCN3)cs2)C1,7ga3-a,7ga2-a
O=C(NCC1CS(=O)(=O)C1)C1CCCN1,7ga3-a,7ga2-a
O=S1(=O)CC(C=CC2CCCN2)C1,7ga3-a,7ga2-a
CC1(C=CC2CCCN2)CS(=O)(=O)C1,7ga3-a,7ga2-a
O=S1(=O)CC(CNCC2CCCN2)C1,7ga3-a,7ga2-a
O=S1(=O)CC(CS(=O)(=O)NCCCC2CCCN2)C1,7ga3-a,7ga2-a
O=S1(=O)CC(CC(F)C2CCCN2)C1,7ga3-a,7ga2-a
O=S1(=O)CC(N2CCCC2C2CCCN2)C1,7ga3-a,7ga2-a
O=S1(=O)CC(N2CCC(C3CCCN3)C2)C1,7ga3-a,7ga2-a
O=C(NCC1CCS1(=O)=O)c1ncoc1C1CCCN1,7ga3-a,7ga2-a
O=S1(=O)CC(CS(=O)(=O)NCC2CCCN2)C1,7ga3-a,7ga2-a
CC(NC(=O)c1cnc(C2CCCN2)nc1)C1CS(=O)(=O)C1,7ga3-a,7ga2-a
CC1(NC(=O)CCC2CCCN2)CS(=O)(=O)C1,7ga3-a,7ga2-a
CCN(CC1CCCN1)C1CS(=O)(=O)C1,7ga3-a,7ga2-a
CN(CCC1CCCN1)C1CS(=O)(=O)C1,7ga3-a,7ga2-a
CC(NCC1CCCN1)C1CS(=O)(=O)C1,7ga3-a,7ga2-a
CC(O)(C1CCCN1)C1(C#N)CS(=O)(=O)C1,7ga3-a,7ga2-a
CC(CC1CS(=O)(=O)C1)CC1CCCN1,7ga3-a,7ga2-a
O=S1(=O)CC(c2noc(C3CCCN3)n2)C1,7ga3-a,7ga2-a
CC(C)(CNC(=O)C(N)C1CS(=O)(=O)C1)C1CCCN1,7ga3-a,7ga2-a
O=S1(=O)CC(NCC2CCCN2)C1,7ga3-a,7ga2-a
CC1(NCC2CCCN2)CS(=O)(=O)C1,7ga3-a,7ga2-a
O=S1(=O)CC(COCCC2CCCN2)C1,7ga3-a,7ga2-a
CN(CC1CS(=O)(=O)C1)CC1CCCN1,7ga3-a,7ga2-a
O=S1(=O)CC(Cn2cc(C3CCCN3)nn2)C1,7ga3-a,7ga2-a
O=C(CC1CS(=O)(=O)C1)CC1CCCN1,7ga3-a,7ga2-a
O=S1(=O)CC(O)(C2CCCN2)C1,7ga3-a,7ga2-a
O=S1(=O)CC(Oc2ccccc2C2CCCN2)C1,7ga3-a,7ga2-a
O=S1(=O)CC(Oc2cccc(C3CCCN3)c2)C1,7ga3-a,7ga2-a
O=S1(=O)CC(Oc2ccc(C3CCCN3)cc2)C1,7ga3-a,7ga2-a
O=C(C1CCCN1)C1(O)CS(=O)(=O)C1,7ga3-a,7ga2-a
CC(C)(NC(=O)CC1CS(=O)(=O)C1)C1CCCN1,7ga3-a,7ga2-a
O=S1(=O)CC(c2noc(C3CCCN3)n2)C1,7ga3-a,7ga2-a
O=S1(=O)CC(COCC2CCCN2)C1,7ga3-a,7ga2-a
O=C(CC1CCCN1)NC1CS(=O)(=O)C1,7ga3-a,7ga2-a
CC(NC1CS(=O)(=O)C1)C1CCCN1,7ga3-a,7ga2-a
O=S1(=O)CC(NCCC2CCCN2)C1,7ga3-a,7ga2-a
O=S1(=O)CC(Oc2ccccc2C2CCCN2)C1,7ga3-a,7ga2-a
O=S1(=O)CC(Oc2cccc(C3CCCN3)c2)C1,7ga3-a,7ga2-a
O=S1(=O)CC(Oc2ccc(C3CCCN3)cc2)C1,7ga3-a,7ga2-a
O=S1(=O)CC(N2CCCC2C2CCCN2)C1,7ga3-a,7ga2-a
O=S1(=O)CC(N2CCC(C3CCCN3)C2)C1,7ga3-a,7ga2-a
NC1(CC(=O)NCC2CCCN2)CS(=O)(=O)C1,7ga3-a,7ga2-a
CC(NC(=O)C1CCCN1)C1CS(=O)(=O)C1,7ga3-a,7ga2-a
CC(NC(=O)c1cc(C2CCCN2)n[nH]1)C1CS(=O)(=O)C1,7ga3-a,7ga2-a
CC(NC(=O)c1cnc(C2CCCN2)nc1)C1CS(=O)(=O)C1,7ga3-a,7ga2-a
CC(NC(=O)c1cc(C2CCCN2)n[nH]1)C1CS(=O)(=O)C1,7ga3-a,7ga2-a
O=S1(=O)CCC1CNCC1CCCN1,7ga3-a,7ga2-a
O=S1(=O)CC(CS(=O)(=O)N2CCCC(C3CCCN3)C2)C1,7ga3-a,7ga2-a
CN(CC1CCCN1)C(=O)C(N)C1CS(=O)(=O)C1,7ga3-a,7ga2-a
O=S1(=O)CC(CS(=O)(=O)N2CCCC(C3CCCN3)C2)C1,7ga3-a,7ga2-a
O=S1(=O)CC(CN2CCC(C3CCCN3)CC2)C1,7ga3-a,7ga2-a
O=C(NCC1CCCN1)C1CS(=O)(=O)C1,7ga3-a,7ga2-a
CC1(C(=O)NCC2CCCN2)CS(=O)(=O)C1,7ga3-a,7ga2-a
O=S1(=O)CC(n2cncc2C2CCCN2)C1,7ga3-a,7ga2-a
CN(C(=O)C1CCCN1)C1CS(=O)(=O)C1,7ga3-a,7ga2-a
O=C(C1CCCN1)C1(O)CS(=O)(=O)C1,7ga3-a,7ga2-a
O=S1(=O)CC(CS(=O)(=O)NCCC2CCCN2)C1,7ga3-a,7ga2-a
CC(NC(=O)CNC(=O)C1CCCN1)C1CS(=O)(=O)C1,7ga3-a,7ga2-a
CC(CC1CS(=O)(=O)C1)C1CCCN1,7ga3-a,7ga2-a
O=C(NCC1CCS1(=O)=O)c1ncoc1C1CCCN1,7ga3-a,7ga2-a
c1cc(-c2ncc3c(n2)CCNC3)cs1,7g9y-a,7ga1-a
O=C(CCF)N1CCc2ncnc(-c3ccsc3)c2C1,7g9y-a,7ga1-a
Cc1ncc2c(n1)CCN(C(=O)C(=O)N(C)Cc1ccsc1)C2,7g9y-a,7ga1-a
Cc1ncc2c(n1)CCN(CCCc1ccsc1)C2,7g9y-a,7ga1-a
Cc1ncc2c(n1)CCN(C(=O)NCC(c1ccsc1)N(C)C)C2,7g9y-a,7ga1-a
Cc1ncc2c(n1)CCN(C(=O)C=Cc1ccsc1)C2,7g9y-a,7ga1-a
Nc1ncc2c(n1)CCN(C(=O)C=Cc1ccsc1)C2,7g9y-a,7ga1-a
O=C(c1cnn2ccccc12)N1CCc2ncnc(-c3ccsc3)c2C1,7g9y-a,7ga1-a
CCc1ncc2c(n1)CCN(C(=O)C(=O)Nc1ccsc1)C2,7g9y-a,7ga1-a
CC(C)N(C)CC(=O)N1CCc2ncnc(-c3ccsc3)c2C1,7g9y-a,7ga1-a
Cc1ncc2c(n1)CCN(CCCc1ccsc1)C2,7g9y-a,7ga1-a
CN(C)c1ncc2c(n1)CCN(CCCc1ccsc1)C2,7g9y-a,7ga1-a
COc1ncnc2c1CN(C(=O)NC(C)Cc1ccsc1)CC2,7g9y-a,7ga1-a
CC(C(=O)N1CCc2nc(C3CC3)ncc2C1)c1ccsc1,7g9y-a,7ga1-a
CC(C)(C)c1ncc2c(n1)CCN(C(=O)C=Cc1ccsc1)C2,7g9y-a,7ga1-a
CC(C)(C)c1ncc2c(n1)CCN(C(C(=O)O)c1ccsc1)C2,7g9y-a,7ga1-a
CCOc1ncnc2c1CN(CC(=O)N(C)Cc1ccsc1)CC2,7g9y-a,7ga1-a
O=C(Cn1ccccc1=O)N1CCc2ncnc(-c3ccsc3)c2C1,7g9y-a,7ga1-a
CN1CCc2ncnc(N(C)Cc3ccsc3)c2C1,7g9y-a,7ga1-a
CN(Cc1ccsc1)C(=O)CN1CCc2ncnc(N(C)C)c2C1,7g9y-a,7ga1-a
O=C(NCCCc1ccsc1)C(=O)N1CCc2ncncc2C1,7g9y-a,7ga1-a
O=C(CCc1ccc[nH]1)N1CCc2ncnc(-c3ccsc3)c2C1,7g9y-a,7ga1-a
CC(C)CCc1ncc2c(n1)CCN(C(=O)Cc1ccsc1)C2,7g9y-a,7ga1-a
O=C(C(O)c1ccsc1)N1CCc2nc(C(F)(F)F)ncc2C1,7g9y-a,7ga1-a
Sc1nc(-c2ccsc2)nc2c1CNCC2,7g9y-a,7ga1-a
CN(Cc1ccsc1)C(=O)CN1CCc2ncnc(N)c2C1,7g9y-a,7ga1-a
CN(Cc1ccsc1)C(=O)CN1CCc2ncnc(N(C)C)c2C1,7g9y-a,7ga1-a
CCOc1ncnc2c1CN(CC(=O)N(C)Cc1ccsc1)CC2,7g9y-a,7ga1-a
Oc1nc(-c2ccsc2)nc2c1CNCC2,7g9y-a,7ga1-a
CN1CCc2ncnc(N(C)Cc3ccsc3)c2C1,7g9y-a,7ga1-a
c1ncc2c(n1)CCN(Cc1csc(-c3ccsc3)n1)C2,7g9y-a,7ga1-a
c1ncc2c(n1)CCN(Cn1ccc(-c3ccsc3)n1)C2,7g9y-a,7ga1-a
CN(C)c1ncc2c(n1)CCN(CCCc1ccsc1)C2,7g9y-a,7ga1-a
CN(C)c1ncc2c(n1)CCN(C(=O)NCCCc1ccsc1)C2,7g9y-a,7ga1-a
CN(C)c1ncc2c(n1)CCN(S(=O)(=O)Cc1ccsc1)C2,7g9y-a,7ga1-a
CN(Cc1ccsc1)C(=O)CN1CCc2ncnc(N)c2C1,7g9y-a,7ga1-a
Nc1ncnc2c1CN(C(=O)NCc1ccsc1)CC2,7g9y-a,7ga1-a
CC(NC(=O)N1CCc2ncnc(N)c2C1)c1ccsc1,7g9y-a,7ga1-a
CCc1ncc2c(n1)CCN(C(=O)NCCSCc1ccsc1)C2,7g9y-a,7ga1-a
CCc1ncc2c(n1)CCN(C(=O)NCCc1ccsc1)C2,7g9y-a,7ga1-a
CCc1ncc2c(n1)CCN(C(=O)C(=O)Nc1ccsc1)C2,7g9y-a,7ga1-a
CCc1ncc2c(n1)CCN(C(=O)C=Cc1ccsc1)C2,7g9y-a,7ga1-a
CC(CC(=O)Nc1ncnc2c1CNCC2)(C(=O)O)c1ccsc1,7g9y-a,7ga1-a
O=C(C(O)c1ccsc1)N1CCc2nc(C(F)(F)F)ncc2C1,7g9y-a,7ga1-a
CC(C)CCc1ncc2c(n1)CCN(C(=O)Cc1ccsc1)C2,7g9y-a,7ga1-a
O=C(Cc1noc2ccccc12)N1CCc2ncnc(-c3ccsc3)c2C1,7g9y-a,7ga1-a
O=C(Cn1ccccc1=O)N1CCc2ncnc(-c3ccsc3)c2C1,7g9y-a,7ga1-a
CC(C)c1ncc2c(n1)CCN(C(=O)Cc1ccsc1)C2,7g9y-a,7ga1-a
O=C(C=Cc1cccs1)N1CCc2ncnc(-c3ccsc3)c2C1,7g9y-a,7ga1-a
Cc1nc(-c2ccsc2)nc2c1CNCC2,7g9y-a,7ga1-a
Cc1ncnc2c1CN(CC(=O)NCCc1ccsc1)CC2,7g9y-a,7ga1-a
O=C(C1CCOC1)N1CCc2ncnc(-c3ccsc3)c2C1,7g9y-a,7ga1-a
O=C(c1cnc(-c2ccsc2)s1)N1CCc2ncncc2C1,7g9y-a,7ga1-a
c1ncc2c(n1)CCN(Cc1csc(-c3ccsc3)n1)C2,7g9y-a,7ga1-a
Cc1ncc2c(n1)CCN(C(=O)NCC(c1ccsc1)N(C)C)C2,7g9y-a,7ga1-a
c1ncc2c(n1)CCN(Cn1ccc(-c3ccsc3)n1)C2,7g9y-a,7ga1-a
O=S(=O)(CCc1ccsc1)N1CCc2ncncc2C1,7g9y-a,7ga1-a
CC(CNC(=O)N1CCc2ncncc2C1)c1ccsc1,7g9y-a,7ga1-a
CN(C)c1ncc2c(n1)CCN(C(=O)NCCCc1ccsc1)C2,7g9y-a,7ga1-a
CC(C)c1ncc2c(n1)CCN(C(=O)Cc1ccsc1)C2,7g9y-a,7ga1-a
CC(C)c1ncc2c(n1)CCN(C(=O)NC(C)c1ccsc1)C2,7g9y-a,7ga1-a
CCc1ncc2c(n1)CCN(C(=O)NCCc1ccsc1)C2,7g9y-a,7ga1-a
CC(C)c1ncc2c(n1)CCN(C(=O)NC(C)c1ccsc1)C2,7g9y-a,7ga1-a
CC(NC(=O)N1CCc2ncnc(N)c2C1)c1ccsc1,7g9y-a,7ga1-a
CC(C(=O)N1CCc2nc(C3CC3)ncc2C1)c1ccsc1,7g9y-a,7ga1-a
O=C(CCc1ccc[nH]1)N1CCc2ncnc(-c3ccsc3)c2C1,7g9y-a,7ga1-a
O=C(Cc1noc2ccccc12)N1CCc2ncnc(-c3ccsc3)c2C1,7g9y-a,7ga1-a
O=C(CCCc1ccsc1)N1CCc2ncncc2C1,7g9y-a,7ga1-a
COCc1ncc2c(n1)CCN(C(=O)CCCc1ccsc1)C2,7g9y-a,7ga1-a
COCc1ncc2c(n1)CCN(C(C(=O)O)c1ccsc1)C2,7g9y-a,7ga1-a
CC(C)(C)c1ncc2c(n1)CCN(C(C(=O)O)c1ccsc1)C2,7g9y-a,7ga1-a
CN(C)c1ncc2c(n1)CCN(S(=O)(=O)Cc1ccsc1)C2,7g9y-a,7ga1-a
O=C(c1ccc(-c2ccsc2)cc1)N1CCc2ncncc2C1,7g9y-a,7ga1-a
CCc1ncc2c(n1)CCN(C(=O)C=Cc1ccsc1)C2,7g9y-a,7ga1-a
Cc1ncc2c(n1)CCN(C(=O)C=Cc1ccsc1)C2,7g9y-a,7ga1-a
CC(C)(C)c1ncc2c(n1)CCN(C(=O)C=Cc1ccsc1)C2,7g9y-a,7ga1-a
Nc1ncc2c(n1)CCN(C(=O)C=Cc1ccsc1)C2,7g9y-a,7ga1-a
O=C(C=Cc1cccs1)N1CCc2ncnc(-c3ccsc3)c2C1,7g9y-a,7ga1-a
Cc1ncnc2c1CN(CC(=O)NCCc1ccsc1)CC2,7g9y-a,7ga1-a
CCc1ncc2c(n1)CCN(C(=O)NCCSCc1ccsc1)C2,7g9y-a,7ga1-a
COCc1ncc2c(n1)CCN(C(=O)CCCc1ccsc1)C2,7g9y-a,7ga1-a
COCc1ncc2c(n1)CCN(C(C(=O)O)c1ccsc1)C2,7g9y-a,7ga1-a
COCc1ncc2c(n1)CCN(C(=O)c1ccsc1)C2,7g9y-a,7ga1-a
Cc1ncc2c(n1)CCN(C(=O)C(=O)N(C)Cc1ccsc1)C2,7g9y-a,7ga1-a
COc1ncnc2c1CN(C(=O)NC(C)Cc1ccsc1)CC2,7g9y-a,7ga1-a
CCN(CC)C(CNC(=O)N1CCc2ncncc2C1)c1ccsc1,7g9y-a,7ga1-a
Nc1ncnc2c1CN(C(=O)NCc1ccsc1)CC2,7g9y-a,7ga1-a
O=C(c1ccsc1)N1CCc2ncncc2C1,7g9y-a,7ga1-a
O=C(c1ccc(-c2ccsc2)cc1)N1CCc2ncncc2C1,7g9y-a,7ga1-a
O=C(C1CCOC1)N1CCc2ncnc(-c3ccsc3)c2C1,7g9y-a,7ga1-a
COCc1ncc2c(n1)CCN(C(=O)c1ccsc1)C2,7g9y-a,7ga1-a
O=C(c1cnc(-c2ccsc2)s1)N1CCc2ncncc2C1,7g9y-a,7ga1-a
O=C(c1cnn2ccccc12)N1CCc2ncnc(-c3ccsc3)c2C1,7g9y-a,7ga1-a
O=S1(=O)CC(c2ncc3c(n2)CCNC3)C1,7ga3-a,7g9y-a
CC(NCCCN1CCC(C(C)(C)C)CC1)C1CS(=O)(=O)C1,7ga3-a,7g9y-a
CC(C)(C)C1CCc2nc(NC(=O)C3CS(=O)(=O)C3)sc2C1,7ga3-a,7g9y-a
CN(CCNC(=O)C1CS(=O)(=O)C1)C(=O)c1cc(C(C)(C)C)on1,7ga3-a,7g9y-a
CN(CCNC(=O)C1CS(=O)(=O)C1)C(=O)C1(C(C)(C)C)CCC1,7ga3-a,7g9y-a
CN(CCNC(=O)C1CS(=O)(=O)C1)C(=O)c1ncn(C(C)(C)C)n1,7ga3-a,7g9y-a
CC(NC(=O)N1CCCN(C(C)(C)C)CC1)C1CS(=O)(=O)C1,7ga3-a,7g9y-a
CC(C)(C)c1ccc(C(F)(F)C(=O)NCC2CCS2(=O)=O)cc1,7ga3-a,7g9y-a
CC(C)(C)c1ccc(SCC(=O)NCC2CS(=O)(=O)C2)cc1,7ga3-a,7g9y-a
CC(C)(C)n1nccc1S(=O)(=O)NCC1CS(=O)(=O)C1,7ga3-a,7g9y-a
CC(C)(C)C1CCN(S(=O)(=O)NCC2CS(=O)(=O)C2)CC1,7ga3-a,7g9y-a
CC(C)(C)N1CCN(S(=O)(=O)NCC2CS(=O)(=O)C2)CC1,7ga3-a,7g9y-a
CC(C)(C)c1ccccc1S(=O)(=O)NCC1CS(=O)(=O)C1,7ga3-a,7g9y-a
CC(C)(C)C1CCCC(NS(=O)(=O)CC2CS(=O)(=O)C2)CC1,7ga3-a,7g9y-a
CC(C)(C)N1CCC(NS(=O)(=O)CC2CS(=O)(=O)C2)CC1,7ga3-a,7g9y-a
CC(C)(C)c1nc2ccc(NC(=O)C3CS(=O)(=O)C3)cc2s1,7ga3-a,7g9y-a
CC(C)(C)C1CC(=O)N(CCC2CS(=O)(=O)C2)C(=O)N1,7ga3-a,7g9y-a
CC(C)(C)c1cc2ncn(CCC3CS(=O)(=O)C3)c(=O)n2n1,7ga3-a,7g9y-a
CC(C1CS(=O)(=O)C1)N1C(=O)NC2(CC(C(C)(C)C)C2)C1=O,7ga3-a,7g9y-a
CC(C)(C)c1cn(CCC2CS(=O)(=O)C2)cn1,7ga3-a,7g9y-a
CC(C)(C)c1coc(SCC2CS(=O)(=O)C2)n1,7ga3-a,7g9y-a
CC(C)(C)C1(N)CS(=O)(=O)C1,7ga3-a,7g9y-a
CC(C)(C)c1nsc(C2(N)CS(=O)(=O)C2)n1,7ga3-a,7g9y-a
CC(C)(C)n1cc(NC2CS(=O)(=O)C2)cn1,7ga3-a,7g9y-a
CC(C)(C)c1ccc(C2C(N)CS2(=O)=O)cc1,7ga3-a,7g9y-a
CC(C)(C)C1CSC(NC2CS(=O)(=O)C2)=N1,7ga3-a,7g9y-a
CC(C)(C)C1CN=C(NC2CS(=O)(=O)C2)S1,7ga3-a,7g9y-a
CC(C)(C)n1nccc1C1(N)CS(=O)(=O)C1,7ga3-a,7g9y-a
CC(C)(C)c1nc(C2(N)CS(=O)(=O)C2)no1,7ga3-a,7g9y-a
CC(C)(C)n1cc(C2(N)CS(=O)(=O)C2)cn1,7ga3-a,7g9y-a
CC(C)(C)c1ncc(C2(N)CS(=O)(=O)C2)s1,7ga3-a,7g9y-a
CC(C)(C)c1csc(C2(N)CS(=O)(=O)C2)n1,7ga3-a,7g9y-a
CC(C)(C)c1nsc(NC2CS(=O)(=O)C2)n1,7ga3-a,7g9y-a
CN(C(=O)C=Cc1cnc(C(C)(C)C)s1)C1CS(=O)(=O)C1,7ga3-a,7g9y-a
CC(Cc1ccc(C(C)(C)C)cc1)CN(C)CC1CS(=O)(=O)C1,7ga3-a,7g9y-a
CC(C)(C)n1cc(CC(=O)NCCC2CS(=O)(=O)C2)cn1,7ga3-a,7g9y-a
CC(C)(C)c1cn(CC(=O)NCCC2CS(=O)(=O)C2)nn1,7ga3-a,7g9y-a
CC(C)(C)n1cc(CNC(=O)CNC(=O)CC2CS(=O)(=O)C2)nn1,7ga3-a,7g9y-a
CC(C)(C)c1ccc2c(c1)CN(S(=O)(=O)C1CS(=O)(=O)C1)CC2,7ga3-a,7g9y-a
CC(C)(C)c1cccc(NC(=O)C2CS(=O)(=O)C2)n1,7ga3-a,7g9y-a
CC(C)(C)C1CCc2nc(NC(=O)C3CS(=O)(=O)C3)sc2C1,7ga3-a,7g9y-a
CC(C)(C)c1nc2ccc(NC(=O)C3CS(=O)(=O)C3)cc2s1,7ga3-a,7g9y-a
CC(C)(C)N1CCCC(NC(=O)C2CS(=O)(=O)C2)C1,7ga3-a,7g9y-a
CN(CCNC(=O)C1CCS1(=O)=O)C(=O)c1cc(C(C)(C)C)c[nH]1,7ga3-a,7g9y-a
CN(CCNC(=O)c1cc(C(C)(C)C)c[nH]1)C(=O)C1CCS1(=O)=O,7ga3-a,7g9y-a
CC(CNC(=O)C1CS(=O)(=O)C1)NC(=O)c1ccc(C(C)(C)C)[nH]1,7ga3-a,7g9y-a
CC(C)(C)c1ccc(C2(CN)CS(=O)(=O)C2)cc1,7ga3-a,7g9y-a
CC(NS(=O)(=O)Cc1cc(C(C)(C)C)on1)C1CS(=O)(=O)C1,7ga3-a,7g9y-a
CC(CNC(=O)C1CS(=O)(=O)C1)n1cc(C(C)(C)C)nn1,7ga3-a,7g9y-a
CN(Cc1cc(C(C)(C)C)[nH]n1)C(=O)NCC1CS(=O)(=O)C1,7ga3-a,7g9y-a
CC(C)(C)c1cc2n(n1)CCN(CC1CS(=O)(=O)C1)C2,7ga3-a,7g9y-a
CC(C)(C)c1cc2n(n1)CCN(C(=O)NCCC1CS(=O)(=O)C1)C2,7ga3-a,7g9y-a
CC(C)(C)c1cc2n(n1)CCN(C1CS(=O)(=O)C1)C2,7ga3-a,7g9y-a
CC(NC(=O)Nc1nnc(C(C)(C)C)s1)C1CS(=O)(=O)C1,7ga3-a,7g9y-a
CC(NC(=O)Nc1cccn(C(C)(C)C)c1=O)C1CS(=O)(=O)C1,7ga3-a,7g9y-a
CC(NC(=O)Nc1nc(C(C)(C)C)cs1)C1CS(=O)(=O)C1,7ga3-a,7g9y-a
CC(C1CS(=O)(=O)C1)N1C(=O)NC2(CC(C(C)(C)C)C2)C1=O,7ga3-a,7g9y-a
CC(C)(C)c1c[nH]c(=S)n1C1CS(=O)(=O)C1,7ga3-a,7g9y-a
CC(C)(C)c1ncc(C2(N)CS(=O)(=O)C2)s1,7ga3-a,7g9y-a
CC(C)(C)c1ncc(C2(O)CS(=O)(=O)C2)s1,7ga3-a,7g9y-a
CC(NS(=O)(=O)c1ccnn1C(C)(C)C)C1CS(=O)(=O)C1,7ga3-a,7g9y-a
CC(C)(C)C1CCN(C(=O)C(=O)NCCC2CS(=O)(=O)C2)C1,7ga3-a,7g9y-a
CC(CNC(=O)C1CCS1(=O)=O)NC(=O)c1cn(C(C)(C)C)cn1,7ga3-a,7g9y-a
CC(CNCC1CCS1(=O)=O)Cc1ccc(C(C)(C)C)cc1,7ga3-a,7g9y-a
CC(NC(=O)COc1ccccc1C(C)(C)C)C1CS(=O)(=O)C1,7ga3-a,7g9y-a
CC(C)(C)n1nccc1NC(=O)NC1CS(=O)(=O)C1,7ga3-a,7g9y-a
CC(C)(C)c1cnc(NC(=O)NC2CS(=O)(=O)C2)s1,7ga3-a,7g9y-a
CC(C)(C)c1nc(NC(=O)NC2CS(=O)(=O)C2)n[nH]1,7ga3-a,7g9y-a
CC(NC(=O)C(N)C1CS(=O)(=O)C1)c1ccc(C(C)(C)C)cc1,7ga3-a,7g9y-a
CC(C)(C)c1csc(CCNC(=O)C(N)C2CS(=O)(=O)C2)n1,7ga3-a,7g9y-a
CC(C)(C)c1c[nH]c(=S)n1C1CS(=O)(=O)C1,7ga3-a,7g9y-a
CC(C)(C)c1nnc(SCCC2CS(=O)(=O)C2)[nH]1,7ga3-a,7g9y-a
CN(C(=O)c1cc2c(s1)CCC(C(C)(C)C)C2)C1CS(=O)(=O)C1,7ga3-a,7g9y-a
CC(C)(C)C1CCc2sc(C(=O)NC3CS(=O)(=O)C3)cc2C1,7ga3-a,7g9y-a
CC(C)(C)C1CCc2sc(C(=O)NCC3CCS3(=O)=O)cc2C1,7ga3-a,7g9y-a
CC(C)(C)C1CN(C(=O)CC2CS(=O)(=O)C2)CCO1,7ga3-a,7g9y-a
CC(C)(C)c1cc(CCNC(=O)C2CCS2(=O)=O)no1,7ga3-a,7g9y-a
CC(C)(C)c1ncc2c(n1)CC1CCC2N1C1CS(=O)(=O)C1,7ga3-a,7g9y-a
CC(C)(C)c1ncc2c(n1)CC1CCC2N1C(=O)NCCC1CS(=O)(=O)C1,7ga3-a,7g9y-a
CC(C)(C)c1cn(C(CCC(N)=O)C(=O)NC2CS(=O)(=O)C2)nn1,7ga3-a,7g9y-a
CC(C)(C)N1CCC(CNC(=O)C2CCS2(=O)=O)C1,7ga3-a,7g9y-a
CC(C)(C)c1cnc(CNC(=O)C2CCS2(=O)=O)o1,7ga3-a,7g9y-a
CN(C(=O)C1CCS1(=O)=O)C1CCC(C(C)(C)C)CC1,7ga3-a,7g9y-a
CC(C)(C)c1ccccc1CNC(=O)C1CCS1(=O)=O,7ga3-a,7g9y-a
CC(C)(C)n1cc(CNC(=O)C2CCS2(=O)=O)nn1,7ga3-a,7g9y-a
CC(C)(C)c1ccc(C(CO)NC(=O)C2CS(=O)(=O)C2)cc1,7ga3-a,7g9y-a
CN(C(=O)CC(C)(C)n1cc(C(C)(C)C)nn1)C1CS(=O)(=O)C1,7ga3-a,7g9y-a
CC(C)(C)c1ccc(OS(=O)(=O)C2CS(=O)(=O)C2)cn1,7ga3-a,7g9y-a
CC(CNC(=O)C1CS(=O)(=O)C1)NC(=O)c1ccc(C(C)(C)C)[nH]1,7ga3-a,7g9y-a
CC(C)(C)c1ccc(CSCC(=O)OCCC2CS(=O)(=O)C2)cc1,7ga3-a,7g9y-a
CC(C)(C)c1ccc(SCC(=O)NC2CS(=O)(=O)C2)cc1,7ga3-a,7g9y-a
CC(C)(C)n1cnnc1SCC(=O)NC1CS(=O)(=O)C1,7ga3-a,7g9y-a
CC(C)(C)n1ccnc1SCC(=O)NC1CS(=O)(=O)C1,7ga3-a,7g9y-a
CC(C)(C)c1ccc(C(=O)NC2CS(=O)(=O)C2)s1,7ga3-a,7g9y-a
CC(C)(C)C1CCc2sc(C(=O)NC3CS(=O)(=O)C3)cc2C1,7ga3-a,7g9y-a
CC(C)(C)c1ccc2[nH]c(C(=O)NC3CS(=O)(=O)C3)cc2c1,7ga3-a,7g9y-a
CC(C)(C)N1CC(C(=O)NC2CS(=O)(=O)C2)CC1=O,7ga3-a,7g9y-a
CC(C)(C)n1nnc2ccc(C(=O)NC3CS(=O)(=O)C3)cc21,7ga3-a,7g9y-a
CC(C)(C)C1CC(CNC(=O)C(=O)NCCC2CS(=O)(=O)C2)C1,7ga3-a,7g9y-a
CC(C)(C)C1C(=O)Nc2ccccc2N1CC1CS(=O)(=O)C1,7ga3-a,7g9y-a
CC(C)(C)c1cc2n(n1)CCN(CC1CS(=O)(=O)C1)C2,7ga3-a,7g9y-a
CC(C)(C)c1ncc2c(n1)CC1CCC2N1C1CS(=O)(=O)C1,7g9y-a,7ga3-a
CC(C)(C)c1ncc2c(n1)CC1CCC2N1C(=O)NCCC1CS(=O)(=O)C1,7g9y-a,7ga3-a
CC(C(=O)NCC1CS(=O)(=O)C1)n1cc(C(C)(C)C)nn1,7g9y-a,7ga3-a
CC(C)(C)c1cnc(CCC(=O)NCC2CS(=O)(=O)C2)o1,7g9y-a,7ga3-a
CC(C)Cc1ccc(C(C)C(=O)NCC2CS(=O)(=O)C2)cc1,7g9y-a,7ga3-a
CC(C)(C)c1nc(CNS(=O)(=O)CC2CS(=O)(=O)C2)c[nH]1,7g9y-a,7ga3-a
CC(CNC(=O)C1CS(=O)(=O)C1)NC(=O)c1ccc(C(C)(C)C)[nH]1,7g9y-a,7ga3-a
CC(C)(C)c1ccc(CCC(=O)NCCC2CS(=O)(=O)C2)cc1,7g9y-a,7ga3-a
CC(C)CC1(C(=O)NCC(O)CN(C)C(=O)C2CS(=O)(=O)C2)CC1,7g9y-a,7ga3-a
CN(C(=O)Cn1nnc(C(C)(C)C)n1)C1CS(=O)(=O)C1,7g9y-a,7ga3-a
CC(C)(C)n1cccc(NC(=O)C(N)C2CS(=O)(=O)C2)c1=O,7g9y-a,7ga3-a
CC(NC(=O)Nc1cccn(C(C)(C)C)c1=O)C1CS(=O)(=O)C1,7g9y-a,7ga3-a
CC(C)CN1CC(=O)N(CCC2CS(=O)(=O)C2)C1=O,7g9y-a,7ga3-a
CC(C)CN1CC(=O)N(C(C)C2CS(=O)(=O)C2)C1=O,7g9y-a,7ga3-a
CC(C)(C)c1ccnc(NS(=O)(=O)C2CS(=O)(=O)C2)n1,7g9y-a,7ga3-a
CC(C)Cc1ncc(NC(=O)NCCC2CS(=O)(=O)C2)cn1,7g9y-a,7ga3-a
CC(C)Cc1ncc(NC(=O)C2CS(=O)(=O)C2)cn1,7g9y-a,7ga3-a
CC(C)(C)c1cc2n(n1)CCN(C1CS(=O)(=O)C1)C2,7g9y-a,7ga3-a
CC(C)(C)c1cc2n(n1)CCN(CC1CS(=O)(=O)C1)C2,7g9y-a,7ga3-a
CC(C)(C)c1cc2n(n1)CCN(C(=O)NCCC1CS(=O)(=O)C1)C2,7g9y-a,7ga3-a
CC(C)(C)C1CCN(S(=O)(=O)C2CS(=O)(=O)C2)c2ccnn21,7g9y-a,7ga3-a
CC(C)(CN1CCC(=O)NC(C2CS(=O)(=O)C2)C1=O)C1CCC1,7g9y-a,7ga3-a
CC(C)Cc1nnc(NC(=O)CNC(C)C2CS(=O)(=O)C2)s1,7g9y-a,7ga3-a
CC(C)(C)c1cnc(CNCC2CS(=O)(=O)C2)s1,7g9y-a,7ga3-a
CC(C)(C)c1ccc(CNCC2CS(=O)(=O)C2)s1,7g9y-a,7ga3-a
CN(Cc1coc(C(C)(C)C)n1)C1CS(=O)(=O)C1,7g9y-a,7ga3-a
CN(Cc1nc(C(C)(C)C)no1)C1CS(=O)(=O)C1,7g9y-a,7ga3-a
CC(C)Cn1nccc1CNCC1CS(=O)(=O)C1,7g9y-a,7ga3-a
CN(Cc1ncc(C(C)(C)C)o1)C1CS(=O)(=O)C1,7g9y-a,7ga3-a
CC(C)(C)n1nnc(CNCC2CS(=O)(=O)C2)n1,7g9y-a,7ga3-a
CN(Cc1nnn(C(C)(C)C)n1)C1CS(=O)(=O)C1,7g9y-a,7ga3-a
CC(C)Cn1cc(CNCC2CS(=O)(=O)C2)nn1,7g9y-a,7ga3-a
CN(Cc1nc(C(C)(C)C)co1)C1CS(=O)(=O)C1,7g9y-a,7ga3-a
CC(C)Cc1ccc(CNCC2CS(=O)(=O)C2)cc1,7g9y-a,7ga3-a
CC(C)CC1(CN(C)C2CS(=O)(=O)C2)CC1,7g9y-a,7ga3-a
CC(C)Cc1ccc(C(C)C(=O)NC2CS(=O)(=O)C2)cc1,7g9y-a,7ga3-a
CC(C)(C)n1cnnc1SCC(=O)NC1CS(=O)(=O)C1,7g9y-a,7ga3-a
CC(C)(C)c1ccc2c(c1)CCN2C(=O)C1CS(=O)(=O)C1,7g9y-a,7ga3-a
CN(C(=O)CCCn1cc(C(C)(C)C)nn1)C1CS(=O)(=O)C1,7g9y-a,7ga3-a
CC(C)(C)c1ncc(C=CC(=O)OCCC2CS(=O)(=O)C2)s1,7g9y-a,7ga3-a
CN(Cc1ccccc1C(C)(C)C)C(=O)C(N)C1CS(=O)(=O)C1,7g9y-a,7ga3-a
CC(C)(C)c1ccc(C(O)CNS(=O)(=O)C2CS(=O)(=O)C2)cc1,7g9y-a,7ga3-a
CC(C)CC1CCCN(C(=O)C(N)C2CS(=O)(=O)C2)C1,7g9y-a,7ga3-a
CC(C)(C)C1CCC(CNC(=O)CC2CS(=O)(=O)C2)CC1,7g9y-a,7ga3-a
CN(C(=O)C(O)CC1CCC(C(C)(C)C)CC1)C1CS(=O)(=O)C1,7g9y-a,7ga3-a
CC(C)(C)C1CCC(CC(O)C(=O)NCC2CS(=O)(=O)C2)CC1,7g9y-a,7ga3-a
CC(C)(C)C1CCCCC1NS(=O)(=O)C1CS(=O)(=O)C1,7g9y-a,7ga3-a
CC(C)(C)C1CCC(CNC(=O)C(N)C2CS(=O)(=O)C2)CC1,7g9y-a,7ga3-a
CC(C)(C)C1CCC(CNS(=O)(=O)C2CS(=O)(=O)C2)CC1,7g9y-a,7ga3-a
CC(C)(C)C1CCC(C(O)C(=O)NCC2CS(=O)(=O)C2)CC1,7g9y-a,7ga3-a
CN(C(=O)C(O)C1CCC(C(C)(C)C)CC1)C1CS(=O)(=O)C1,7g9y-a,7ga3-a
CC(C)(C)c1ccc(CCNS(=O)(=O)C2CS(=O)(=O)C2)cc1,7g9y-a,7ga3-a
CC(C)(C)c1ccc(S(=O)(=O)NCCC2CS(=O)(=O)C2)nc1,7g9y-a,7ga3-a
CC(C)Cc1ccc(C(C)NS(=O)(=O)C2CS(=O)(=O)C2)cc1,7g9y-a,7ga3-a
CC(C)(C)c1nc(CCNS(=O)(=O)C2CS(=O)(=O)C2)cs1,7g9y-a,7ga3-a
CC(NS(=O)(=O)c1ccnn1C(C)(C)C)C1CS(=O)(=O)C1,7g9y-a,7ga3-a
CC(C)(C)c1cc(S(=O)(=O)NCCC2CS(=O)(=O)C2)on1,7g9y-a,7ga3-a
CC(C)(C)c1[nH]ncc1S(=O)(=O)NCCC1CS(=O)(=O)C1,7g9y-a,7ga3-a
CC(NC(=O)C1=NOC(C(C)(C)C)C1)C1CS(=O)(=O)C1,7g9y-a,7ga3-a
CN(C(=O)C1=NOC(C(C)(C)C)C1)C1CS(=O)(=O)C1,7g9y-a,7ga3-a
CC(C)(C)C1CC(C(=O)NCC2CS(=O)(=O)C2)=NO1,7g9y-a,7ga3-a
CC(C)CC1CCCCCN1C(=O)C(N)C1CS(=O)(=O)C1,7g9y-a,7ga3-a
CC(C)(C)c1ccccc1OCC(=O)OCC1CS(=O)(=O)C1,7g9y-a,7ga3-a
CC(C)(C)c1ccc(CCC(=O)OCCC2CS(=O)(=O)C2)cc1,7g9y-a,7ga3-a
CC(NCCOc1cccc(C(C)(C)C)c1)C1CS(=O)(=O)C1,7g9y-a,7ga3-a
CN(c1ccc(C(C)(C)C)cc1)S(=O)(=O)CC1CS(=O)(=O)C1,7g9y-a,7ga3-a
CC(SCC1CS(=O)(=O)C1)C(=O)Nc1ccccc1C(C)(C)C,7g9y-a,7ga3-a
CN(C(=O)NCC1CS(=O)(=O)C1)c1ccc(C(C)(C)C)cc1,7g9y-a,7ga3-a
CC(C)(C)c1ccccc1C(=O)OCC1CS(=O)(=O)C1,7g9y-a,7ga3-a
CC(C)(C)c1ccc(C(CO)NC(=O)C2CS(=O)(=O)C2)cc1,7g9y-a,7ga3-a
CN(Cc1ccccc1C(C)(C)C)C(=O)C(N)C1CS(=O)(=O)C1,7g9y-a,7ga3-a
CC(NS(=O)(=O)CC1CS(=O)(=O)C1)c1ccc(C(C)(C)C)cc1,7g9y-a,7ga3-a
CC(C)(C)c1ccc(CSCC(=O)OCCC2CS(=O)(=O)C2)cc1,7g9y-a,7ga3-a
CC(C)(C)c1ccc(OC(=O)CC2CS(=O)(=O)C2)cc1,7g9y-a,7ga3-a
CN(Cc1ccc(C(C)(C)C)cc1)C(=O)CC1CS(=O)(=O)C1,7g9y-a,7ga3-a
CC(C)(C)c1ccccc1OCC(=O)NCC1CS(=O)(=O)C1,7g9y-a,7ga3-a
CN(C(=O)COc1ccccc1C(C)(C)C)C1CS(=O)(=O)C1,7g9y-a,7ga3-a
CC(C)(C)c1ccc(S(=O)(=O)NC2CS(=O)(=O)C2)cc1,7g9y-a,7ga3-a
CC(C)(C)c1cccc(CCNC(=O)C2CS(=O)(=O)C2)c1,7g9y-a,7ga3-a
CC(C)(C)c1ccc(C(=O)OCCC2CS(=O)(=O)C2)cc1,7g9y-a,7ga3-a
CC(NC(=O)C1CS(=O)(=O)C1)c1ccc(C(C)(C)C)cc1,7g9y-a,7ga3-a
CC(C)(C)c1ccc(SCC(=O)NCC2CS(=O)(=O)C2)cc1,7g9y-a,7ga3-a
CC(C)(C)c1ccc(SCC(=O)NC2CS(=O)(=O)C2)cc1,7g9y-a,7ga3-a
CC(C)(C)c1ccc(C(O)CNS(=O)(=O)C2CS(=O)(=O)C2)cc1,7g9y-a,7ga3-a
CC(C)(C)c1ccccc1S(=O)(=O)NCC1CS(=O)(=O)C1,7g9y-a,7ga3-a
CC(C)(C)c1ccccc1OCC(=O)NC1CS(=O)(=O)C1,7g9y-a,7ga3-a
CC(C)(C)c1ccccc1NC(=O)NCCC1CS(=O)(=O)C1,7g9y-a,7ga3-a
CC(C)(C)c1ccc(CCC(=O)NCCC2CS(=O)(=O)C2)cc1,7g9y-a,7ga3-a
CC(C)(C)c1ccc(C=NOCC2CS(=O)(=O)C2)cc1,7g9y-a,7ga3-a
CC(NC(=O)C(N)C1CS(=O)(=O)C1)c1ccc(C(C)(C)C)cc1,7g9y-a,7ga3-a
CC(C)(C)c1ccc(C(=O)C(=O)NC2CS(=O)(=O)C2)cc1,7g9y-a,7ga3-a
CC(Cc1ccc(C(C)(C)C)cc1)C(=O)N(C)C1CS(=O)(=O)C1,7g9y-a,7ga3-a
CC(NC(=O)COc1ccccc1C(C)(C)C)C1CS(=O)(=O)C1,7g9y-a,7ga3-a
CC(c1ccc(C(C)(C)C)cc1)N(C)C1CS(=O)(=O)C1,7g9y-a,7ga3-a
CC(C)(C)c1ccc(CNC(=O)CC2CS(=O)(=O)C2)cc1,7g9y-a,7ga3-a
CC(Cc1ccc(C(C)(C)C)cc1)CN(C)CC1CS(=O)(=O)C1,7g9y-a,7ga3-a
CC(C)(C)c1ccc(CCNS(=O)(=O)C2CS(=O)(=O)C2)cc1,7g9y-a,7ga3-a
CC(C)(C)n1nnc(CCSCC2CS(=O)(=O)C2)n1,7g9y-a,7ga3-a
CC(C)(C)n1nnnc1CSCCC1CS(=O)(=O)C1,7g9y-a,7ga3-a
CC(C)(C)c1nocc1CSCCC1CS(=O)(=O)C1,7g9y-a,7ga3-a
O=S1(=O)CC(c2ncc3c(n2)CCNC3)C1,7g9y-a,7ga3-a
COc1ncnc2c1CN(C(=O)CC1CS(=O)(=O)C1)CC2,7g9y-a,7ga3-a
CC(C)CCc1ncc2c(n1)CCN(CC1CS(=O)(=O)C1)C2,7g9y-a,7ga3-a
O=C(C1CS(=O)(=O)C1)N1CCc2nc(C(F)(F)F)ncc2C1,7g9y-a,7ga3-a
CC(C)CCc1ncc2c(n1)CCN(CC1CS(=O)(=O)C1)C2,7g9y-a,7ga3-a
CN(C)c1ncc2c(n1)CCN(S(=O)(=O)C1CS(=O)(=O)C1)C2,7g9y-a,7ga3-a
CN(C)c1ncc2c(n1)CCN(S(=O)(=O)C1CS(=O)(=O)C1)C2,7g9y-a,7ga3-a
CC(C)c1ncc2c(n1)CCN(S(=O)(=O)C1CS(=O)(=O)C1)C2,7g9y-a,7ga3-a
CCc1ncc2c(n1)CCN(C(=O)CC1CS(=O)(=O)C1)C2,7g9y-a,7ga3-a
COc1ncnc2c1CN(C(=O)CC1CS(=O)(=O)C1)CC2,7g9y-a,7ga3-a
CCc1ncc2c(n1)CCN(C(=O)CC1CS(=O)(=O)C1)C2,7g9y-a,7ga3-a
Cc1ncnc2c1CN(C(=O)C1CS(=O)(=O)C1)CC2,7g9y-a,7ga3-a
COCc1ncc2c(n1)CCN(C(=O)C(N)C1CS(=O)(=O)C1)C2,7g9y-a,7ga3-a
CC(C)c1ncc2c(n1)CCN(S(=O)(=O)C1CS(=O)(=O)C1)C2,7g9y-a,7ga3-a
COCc1ncc2c(n1)CCN(C(=O)C(N)C1CS(=O)(=O)C1)C2,7g9y-a,7ga3-a
O=C(C1CS(=O)(=O)C1)N1CCc2nc(C(F)(F)F)ncc2C1,7g9y-a,7ga3-a
Cc1ncnc2c1CN(C(=O)C1CS(=O)(=O)C1)CC2,7g9y-a,7ga3-a
O=S1(=O)CC(C2CCCN2)C1,7ga2-a,7ga3-a
O=S1(=O)CC(C2CCNC2)C1,7ga2-a,7ga3-a
CCC(C)(CO)C(=O)NCC1CCN(C(=O)C2CS(=O)(=O)C2)C1,7ga2-a,7ga3-a
CCN(C(=O)C(C)COC)C1CCN(C(=O)CC2CS(=O)(=O)C2)C1,7ga2-a,7ga3-a
CC(C)SC(C)C(=O)N1CCC(CNC(=O)C2CS(=O)(=O)C2)C1,7ga2-a,7ga3-a
CC(C)(CNC(=O)CCF)C1CCCN1C(=O)CC1CS(=O)(=O)C1,7ga2-a,7ga3-a
CC(C)S(=O)(=O)C1CCN(S(=O)(=O)C2CS(=O)(=O)C2)C1,7ga2-a,7ga3-a
CCCN(C(=O)CC1CS(=O)(=O)C1)C1CCN(C(=O)CO)C1,7ga2-a,7ga3-a
O=C(NCCC1CCN(C(=O)CO)C1)C1CS(=O)(=O)C1,7ga2-a,7ga3-a
CN(CC1CCN(C(=O)CO)C1)C(=O)C1CS(=O)(=O)C1,7ga2-a,7ga3-a
CN(CC1CCCN1C(=O)CO)C(=O)CC1CS(=O)(=O)C1,7ga2-a,7ga3-a
O=C(NC1CCN(C(=O)CO)C1)C1CS(=O)(=O)C1,7ga2-a,7ga3-a
O=S1(=O)CC(CN2CCCC2CCl)C1,7ga2-a,7ga3-a
CS(=O)(=NC(=O)C1CS(=O)(=O)C1)C1CCNC1,7ga2-a,7ga3-a
COCC(OC)C(=O)N1CCCC1CNC(=O)C1CS(=O)(=O)C1,7ga2-a,7ga3-a
COCC(OC)C(=O)N1CCC(NC(=O)C2CS(=O)(=O)C2)C1,7ga2-a,7ga3-a
COCC(OC)C(=O)N1CCCC1CCNC(=O)C1CS(=O)(=O)C1,7ga2-a,7ga3-a
COCC(OC)C(=O)N1CCC(NC(=O)CC2CS(=O)(=O)C2)C1,7ga2-a,7ga3-a
CCC(CCOC)C(=O)N1CCC(NC(=O)C2CS(=O)(=O)C2)C1,7ga2-a,7ga3-a
CC(C)CCCC(=O)N1CCC(CNC(=O)C2CS(=O)(=O)C2)C1,7ga2-a,7ga3-a
CC(C)CCCC(=O)N1CCC(NC(=O)CC2CS(=O)(=O)C2)C1,7ga2-a,7ga3-a
CC(C)CCCC(=O)N1CCC(NC(=O)C2CS(=O)(=O)C2)C1,7ga2-a,7ga3-a
CNC(=O)NCCC(=O)N1CCC(NC(=O)C2CS(=O)(=O)C2)C1,7ga2-a,7ga3-a
CN(C(=O)CCC(N)=O)C1CCN(C(=O)C2CS(=O)(=O)C2)C1,7ga2-a,7ga3-a
O=C(NCCC1CS(=O)(=O)C1)N1CCCC1C1CCOCC1,7ga2-a,7ga3-a
O=C(NCC1CS(=O)(=O)C1)N1CCC(n2cncn2)C1,7ga2-a,7ga3-a
COC(CSC)C(=O)N1CCC(NC(=O)C2CS(=O)(=O)C2)C1,7ga2-a,7ga3-a
COCC(C)C(=O)N(C)CC1CCCN1C(=O)CC1CS(=O)(=O)C1,7ga2-a,7ga3-a
COCC(C)C(=O)N(C)CC1CCCN1C(=O)C1CS(=O)(=O)C1,7ga2-a,7ga3-a
O=C(CC1CS(=O)(=O)C1)N1CCCC1c1ncccn1,7ga2-a,7ga3-a
CC(NC(=O)c1cnc(C2CCCN2)nc1)C1CS(=O)(=O)C1,7ga2-a,7ga3-a
CCSCC(=O)N1CCC(N(CCO)C(=O)C2CS(=O)(=O)C2)C1,7ga2-a,7ga3-a
COCC(=O)N1CCC(N(CCO)C(=O)C2CS(=O)(=O)C2)C1,7ga2-a,7ga3-a
CC(C(=O)NCCC1CCN(C(=O)C2CS(=O)(=O)C2)C1)C(F)F,7ga2-a,7ga3-a
CNC(=O)NC(=O)CN1CCC(CNC(=O)C2CS(=O)(=O)C2)C1,7ga2-a,7ga3-a
CNC(=O)NC(=O)CN1CCC(NC(=O)CC2CS(=O)(=O)C2)C1,7ga2-a,7ga3-a
CCC(NC1CCN(C(=O)CC2CS(=O)(=O)C2)C1)C(N)=O,7ga2-a,7ga3-a
CCC(NC1CCN(C(=O)C2CS(=O)(=O)C2)C1)C(N)=O,7ga2-a,7ga3-a
CCCC(=O)NCC1CCN(C(=O)C2CS(=O)(=O)C2)C1,7ga2-a,7ga3-a
CCCNC(=O)CNC1CCN(C(=O)C2CS(=O)(=O)C2)C1,7ga2-a,7ga3-a
CC(C)(C)OCC(=O)NC1CCN(C(=O)C2CS(=O)(=O)C2)C1,7ga2-a,7ga3-a
CC(C)(C)OCC(=O)NC1CCN(C(=O)CC2CS(=O)(=O)C2)C1,7ga2-a,7ga3-a
CC(C)CC(F)C(=O)NCCC1CCN(C(=O)C2CS(=O)(=O)C2)C1,7ga2-a,7ga3-a
CC(=O)N(C)C(C)C(=O)NCC1CCCN1C(=O)C1CS(=O)(=O)C1,7ga2-a,7ga3-a
CCCC(=O)NCC(=O)N1CCC(NC(=O)C2CS(=O)(=O)C2)C1,7ga2-a,7ga3-a
COC(C)CCC(=O)NCC1CCN(C(=O)C2CS(=O)(=O)C2)C1,7ga2-a,7ga3-a
CC(C)(C)OC(=O)NC1CCN(C2CS(=O)(=O)C2)C1,7ga2-a,7ga3-a
O=CC1CCN(CC2CS(=O)(=O)C2)C1,7ga2-a,7ga3-a
CC(=O)N1CCC(C(=O)NC(C)CNC(=O)C2CS(=O)(=O)C2)C1,7ga2-a,7ga3-a
CCCNC(=O)CN1CCC(CNC(=O)C2CS(=O)(=O)C2)C1,7ga2-a,7ga3-a
CCCNC(=O)CN1CCC(NC(=O)CC2CS(=O)(=O)C2)C1,7ga2-a,7ga3-a
O=C(NCCC1CS(=O)(=O)C1)NCc1ccc(N2CCCC2)cc1,7ga2-a,7ga3-a
CC(NC(=O)NCc1ccc(N2CCCC2)cc1)C1CS(=O)(=O)C1,7ga2-a,7ga3-a
O=C(NCCc1csc(N2CCCC2)n1)NCC1CS(=O)(=O)C1,7ga2-a,7ga3-a
CN(C)C(=O)CCC(=O)N1CCCC1CNC(=O)C1CS(=O)(=O)C1,7ga2-a,7ga3-a
O=C(CN1CCCC1)NCC(CO)NC(=O)C1CS(=O)(=O)C1,7ga2-a,7ga3-a
CC1CCN(CC(=O)NCC(CO)NC(=O)C2CS(=O)(=O)C2)C1,7ga2-a,7ga3-a
O=C(CN1CCCC1CO)NCC(CO)NC(=O)C1CS(=O)(=O)C1,7ga2-a,7ga3-a
O=C(NCC1CCN(CCCO)C1)C1CS(=O)(=O)C1,7ga2-a,7ga3-a
O=C(NC1CCN(CCCO)C1)C1CS(=O)(=O)C1,7ga2-a,7ga3-a
CCN1CCCC1CC(=O)NCCN(C)C(=O)C1CS(=O)(=O)C1,7ga2-a,7ga3-a
CNC(=O)CCCC(=O)N1CCC(NC(=O)C2CS(=O)(=O)C2)C1,7ga2-a,7ga3-a
CN1CCCC1CN(C)S(=O)(=O)CC1CS(=O)(=O)C1,7ga2-a,7ga3-a
CCN(C)CC1CCN(C(=O)C(N)C2CS(=O)(=O)C2)C1,7ga2-a,7ga3-a
CCN(C)CC1CCN(C(=O)NCC2CS(=O)(=O)C2)C1,7ga2-a,7ga3-a
COC(C)CC(=O)NCC1CCN(C(=O)C2CS(=O)(=O)C2)C1,7ga2-a,7ga3-a
CC(=O)NC(C)C(=O)NCC1CCN(C(=O)C2CS(=O)(=O)C2)C1,7ga2-a,7ga3-a
CC(NC(=O)N1CCC(N2CCCC2)C1)C1CS(=O)(=O)C1,7ga2-a,7ga3-a
O=C(C1CS(=O)(=O)C1)N1CCC(N2CCCC2)C1,7ga2-a,7ga3-a
CCCCC(NC1CCN(C(=O)CC2CS(=O)(=O)C2)C1)C(N)=O,7ga2-a,7ga3-a
O=S1(=O)CC(S(=O)(=O)N2CCCC2c2ccccn2)C1,7ga2-a,7ga3-a
COC(C(=O)NC1CCN(C(=O)C2CS(=O)(=O)C2)C1)C(C)C,7ga2-a,7ga3-a
COC(C(=O)NC1CCN(C(=O)CC2CS(=O)(=O)C2)C1)C(C)C,7ga2-a,7ga3-a
CC(O)C(F)(F)C(=O)N1CCC(N(C)C(=O)C2CS(=O)(=O)C2)C1,7ga2-a,7ga3-a
CC(O)C(F)(F)C(=O)N1CCC(CNC(=O)C2CS(=O)(=O)C2)C1,7ga2-a,7ga3-a
O=C(O)C1CCCN1C1CS(=O)(=O)C1,7ga2-a,7ga3-a
CC1CCN(C2CS(=O)(=O)C2)C1C(=O)O,7ga2-a,7ga3-a
O=C(O)C1(CC2CS(=O)(=O)C2)CCCN1,7ga2-a,7ga3-a
CC1(C(=O)O)CCCN1C1CS(=O)(=O)C1,7ga2-a,7ga3-a
O=C(O)C1CCCN1CCC1CS(=O)(=O)C1,7ga2-a,7ga3-a
O=C(O)C1CCC(CC2CS(=O)(=O)C2)N1,7ga2-a,7ga3-a
O=C(O)C1CCCN1CC1CS(=O)(=O)C1,7ga2-a,7ga3-a
O=C(O)C1CCCN1CCCC1CS(=O)(=O)C1,7ga2-a,7ga3-a
CC(NC(=O)N1CCCC1C(=O)O)C1CS(=O)(=O)C1,7ga2-a,7ga3-a
CCC(CCOC)C(=O)NCC1CCCN1C(=O)C1CS(=O)(=O)C1,7ga2-a,7ga3-a
CS(=O)(=O)CC1CCN(C(=O)C2CS(=O)(=O)C2)C1,7ga2-a,7ga3-a
COC(=O)NCC(=O)NCC1CCCN1C(=O)CC1CS(=O)(=O)C1,7ga2-a,7ga3-a
CCCCC(C)C(=O)N(C)C1CCN(C(=O)C2CS(=O)(=O)C2)C1,7ga2-a,7ga3-a
O=C(NCCC1CS(=O)(=O)C1)N1CCCCC(N2CCCC2)C1,7ga2-a,7ga3-a
CC(CC(F)F)C(=O)NC1CCN(C(=O)C2CS(=O)(=O)C2)C1,7ga2-a,7ga3-a
CC(C)(C)OCC(=O)N1CCC(NC(=O)C2CS(=O)(=O)C2)C1,7ga2-a,7ga3-a
CC(C)(C)OCC(=O)N1CCCC1CNC(=O)C1CS(=O)(=O)C1,7ga2-a,7ga3-a
CC(C)(C)OCC(=O)N1CCC(NC(=O)CC2CS(=O)(=O)C2)C1,7ga2-a,7ga3-a
CC(C)S(=O)(=NC(=O)C1CS(=O)(=O)C1)C1CCNC1,7ga2-a,7ga3-a
CCN1CCCC1C(=O)N(C)CCNC(=O)CC1CS(=O)(=O)C1,7ga2-a,7ga3-a
O=C(NC1CS(=O)(=O)C1)C1CCNC1,7ga2-a,7ga3-a
CC1NCCC1C(=O)NC1CS(=O)(=O)C1,7ga2-a,7ga3-a
CC1(C(=O)NC2CS(=O)(=O)C2)CCNC1,7ga2-a,7ga3-a
CC1(C2CS(=O)(=O)C2)CNCC1C(N)=O,7ga2-a,7ga3-a
CC1CNCC1C(=O)NC1CS(=O)(=O)C1,7ga2-a,7ga3-a
c1nc2c(c(N3CCCC3)n1)CNCC2,7g9y-a,7ga2-a
c1nc(CN2CCCC2)nc2c1CNCC2,7g9y-a,7ga2-a
Cc1nc2c(c(N3CCCC3)n1)CNCC2,7g9y-a,7ga2-a
Cc1ncc2c(n1)CCN(C(=O)NC(C)CN1CCCC1)C2,7g9y-a,7ga2-a
Cc1ncc2c(n1)CCN(c1ccnc(N3CCCC3)n1)C2,7g9y-a,7ga2-a
Cc1ncc2c(n1)CCN(CC(=O)NCC(=O)N1CCCC1)C2,7g9y-a,7ga2-a
Cc1ncc2c(n1)CCN(CC(=O)N1CCCC1)C2,7g9y-a,7ga2-a
Cc1ncc2c(n1)CCN(C(=O)NC(C)CCN1CCCC1)C2,7g9y-a,7ga2-a
Clc1nc2c(c(N3CCCC3)n1)CNCC2,7g9y-a,7ga2-a
COCCC(=O)N1CCc2nc(N3CCCC3)nc(C)c2C1,7g9y-a,7ga2-a
Cc1ncc2c(n1)CCN(C(=O)NC(C)CCN1CCCC1)C2,7g9y-a,7ga2-a
Nc1nc2c(c(N3CCCC3)n1)CNCC2,7g9y-a,7ga2-a
CCC(CC)CN1CCc2nc(N3CCCC3)nc(C)c2C1,7g9y-a,7ga2-a
C=CCNC(=O)N1CCc2nc(N3CCc4ccccc4C3)nc(N3CCCC3)c2C1,7g9y-a,7ga2-a
CN1CCc2ncnc(N3CCC(N4CCCC4)CC3)c2C1,7g9y-a,7ga2-a
C=CCNC(=O)N1CCc2nc(N3CCCC3)nc(N3CCCCC3)c2C1,7g9y-a,7ga2-a
c1cc(N2CCc3ncncc3C2)nc(N2CCCC2)n1,7g9y-a,7ga2-a
CC(COCC(=O)N1CCc2ncnc(N)c2C1)N1CCCC1,7g9y-a,7ga2-a
COc1nc2c(c(N3CCCC3)n1)CNCC2,7g9y-a,7ga2-a
CCN(C)c1nc(N2CCCC2)nc2c1CNCC2,7g9y-a,7ga2-a
COc1nc(N2CCCC2)nc2c1CNCC2,7g9y-a,7ga2-a
COc1ncnc2c1CN(CC(=O)NCC(=O)N1CCCC1)CC2,7g9y-a,7ga2-a
COc1ncnc2c1CN(C(=O)NCC(=O)N1CCCC1)CC2,7g9y-a,7ga2-a
O=C(CNC(=O)N1CCc2nc(C3CC3)ncc2C1)N1CCCC1,7g9y-a,7ga2-a
c1nc(C2CC2)nc2c1CN(CCN1CCCC1)CC2,7g9y-a,7ga2-a
CC(C)C(C(=O)N1CCc2nc(C3CC3)ncc2C1)N1CCCC1,7g9y-a,7ga2-a
CC(C)(C)c1ncc2c(n1)CCN(CC(=O)N1CCCC1)C2,7g9y-a,7ga2-a
CC(C)(C)c1ncc2c(n1)CCN(CCC(=O)N1CCCC1)C2,7g9y-a,7ga2-a
CC(C)(C)c1ncc2c(n1)CCN(S(=O)(=O)N1CCCC1)C2,7g9y-a,7ga2-a
Cc1nc(N2CCCC2)nc2c1CN(CCN(C)C)CC2,7g9y-a,7ga2-a
CC1CN(CCC(=O)N2CCCC2)Cc2cncnc21,7g9y-a,7ga2-a
CC(C)(C)c1ncc2c(n1)CCN(CCC(=O)N1CCCC1)C2,7g9y-a,7ga2-a
CN(C)c1ncc2c(n1)CCN(CCC(=O)N1CCCC1)C2,7g9y-a,7ga2-a
c1nc2c(c(OCCN3CCCC3)n1)CNCC2,7g9y-a,7ga2-a
CCNc1nc(N2CCCC2)nc2c1CNCC2,7g9y-a,7ga2-a
CC(C)CN1CCc2nc(N3CCCC3)nc(N(C)C)c2C1,7g9y-a,7ga2-a
Cc1nc(N2CCCC2)nc2c1CN(CC(C)C)CC2,7g9y-a,7ga2-a
CN(C)c1nc(N2CCCC2)nc2c1CNCC2,7g9y-a,7ga2-a
CCCS(=O)(=O)N1CCc2nc(N3CCCC3)nc(N(C)C)c2C1,7g9y-a,7ga2-a
CC(C)CN1CCc2nc(N3CCCC3)nc(N(C)C)c2C1,7g9y-a,7ga2-a
CN1CCc2nc(N3CCCC3)nc(N(C)C)c2C1,7g9y-a,7ga2-a
CC(C)N1CCc2nc(N3CCCC3)nc(N(C)C)c2C1,7g9y-a,7ga2-a
CN(C)c1nc(N2CCCC2)nc2c1CN(C(=O)CC(F)(F)F)CC2,7g9y-a,7ga2-a
O=C(O)c1nc2c(c(N3CCCC3)n1)CNCC2,7g9y-a,7ga2-a
CC(C)CCc1ncc2c(n1)CCN(CCN1CCCC1)C2,7g9y-a,7ga2-a
N#Cc1nc2c(c(N3CCCC3)n1)CNCC2,7g9y-a,7ga2-a
COc1ncnc2c1CN(C(=O)NCC(=O)N1CCCC1)CC2,7g9y-a,7ga2-a
O=C(CNC(=O)N1CCc2nc(C3CC3)ncc2C1)N1CCCC1,7g9y-a,7ga2-a
Sc1nc(N2CCCC2)nc2c1CNCC2,7g9y-a,7ga2-a
CCNC(=O)N1CCc2nc(N3CCCC3)nc(N3CCOCC3)c2C1,7g9y-a,7ga2-a
O=C(CN1CCc2ncnc(N3CCOCC3)c2C1)N1CCCC1,7g9y-a,7ga2-a
COc1ncnc2c1CN(CC(=O)NCC(=O)N1CCCC1)CC2,7g9y-a,7ga2-a
Cc1ncc2c(n1)CCN(CC(=O)NCC(=O)N1CCCC1)C2,7g9y-a,7ga2-a
CC(C)(C)CCc1ncc2c(n1)CCN(C(=O)CN1CCCC1)C2,7g9y-a,7ga2-a
CN(C)c1ncc2c(n1)CCN(C(=O)C(=O)N1CCCC1)C2,7g9y-a,7ga2-a
CNc1nc(N2CCCC2)nc2c1CNCC2,7g9y-a,7ga2-a
CN1CCc2ncnc(N3CCCC3)c2C1,7g9y-a,7ga2-a
CN1CCc2ncnc(N(C)CC(=O)N3CCCC3)c2C1,7g9y-a,7ga2-a
CN1CCc2ncnc(N3CCC(N4CCCC4)CC3)c2C1,7g9y-a,7ga2-a
CN1CCc2nc(N3CCCC3)nc(N(C)C)c2C1,7g9y-a,7ga2-a
CN(C)c1nc2c(c(N3CCCC3)n1)CNCC2,7g9y-a,7ga2-a
CN(C)c1ncc2c(n1)CCN(C(=O)CN1CCCC1)C2,7g9y-a,7ga2-a
CN(C)c1ncc2c(n1)CCN(c1ccc(N3CCCC3)nn1)C2,7g9y-a,7ga2-a
CN(C)c1ncc2c(n1)CCN(CCC(=O)N1CCCC1)C2,7g9y-a,7ga2-a
CN(C)c1ncc2c(n1)CCN(C(=O)C(=O)N1CCCC1)C2,7g9y-a,7ga2-a
C=CCNc1nc(N2CCCC2)nc2c1CNCC2,7g9y-a,7ga2-a
CC1CN(S(=O)(=O)N2CCCC2)Cc2cncnc21,7g9y-a,7ga2-a
CC1CN(CCC(=O)N2CCCC2)Cc2cncnc21,7g9y-a,7ga2-a
C1CCN(c2nc3c(c(NC4CC4)n2)CNCC3)C1,7g9y-a,7ga2-a
Nc1nc(N2CCCC2)nc2c1CNCC2,7g9y-a,7ga2-a
CC(C)C(C(=O)N1CCc2ncnc(N)c2C1)N1CCCC1,7g9y-a,7ga2-a
CC(COCC(=O)N1CCc2ncnc(N)c2C1)N1CCCC1,7g9y-a,7ga2-a
Nc1ncnc2c1CN(c1cc(N3CCCC3)ncn1)CC2,7g9y-a,7ga2-a
Nc1ncnc2c1CN(c1ccnc(N3CCCC3)n1)CC2,7g9y-a,7ga2-a
C1CCN(c2nc3c(c(NC4CC4)n2)CNCC3)C1,7g9y-a,7ga2-a
c1ncc2c(n1)CCN(c1cc(N3CCCC3)cnn1)C2,7g9y-a,7ga2-a
CC1CN(S(=O)(=O)N2CCCC2)Cc2cncnc21,7g9y-a,7ga2-a
CC(C)(C)c1ncc2c(n1)CCN(S(=O)(=O)N1CCCC1)C2,7g9y-a,7ga2-a
CSc1nc2c(c(N3CCCC3)n1)CNCC2,7g9y-a,7ga2-a
CCc1nc2c(c(N3CCCC3)n1)CNCC2,7g9y-a,7ga2-a
CCc1ncc2c(n1)CCN(CC(=O)N1CCCC1)C2,7g9y-a,7ga2-a
O=C(CN1CCCC1)N1CCc2ncncc2C1,7g9y-a,7ga2-a
COCc1ncc2c(n1)CCN(C(=O)CN1CCCC1)C2,7g9y-a,7ga2-a
CC(=O)N1CCc2nc(N3CCCC3)nc(C)c2C1,7g9y-a,7ga2-a
Cc1ncnc2c1CN(C(=O)CN1CCCC1)CC2,7g9y-a,7ga2-a
CN(C)c1ncc2c(n1)CCN(C(=O)CN1CCCC1)C2,7g9y-a,7ga2-a
O=C(C(c1ccccc1)N1CCCC1)N1CCc2ncncc2C1,7g9y-a,7ga2-a
CC(C)(C)CCc1ncc2c(n1)CCN(C(=O)CN1CCCC1)C2,7g9y-a,7ga2-a
CC(C)Nc1nc(N2CCCC2)nc2c1CNCC2,7g9y-a,7ga2-a
CC(C)Nc1nc(N2CCCC2)nc2c1CN(S(C)(=O)=O)CC2,7g9y-a,7ga2-a
CCC(C)N1CCc2nc(N3CCCC3)nc(NC(C)C)c2C1,7g9y-a,7ga2-a
CCC(=O)N1CCc2nc(N3CCCC3)nc(NC(C)C)c2C1,7g9y-a,7ga2-a
Cc1ncc2c(n1)CCN(CC(=O)N1CCCC1)C2,7g9y-a,7ga2-a
CC(C)(C)c1ncc2c(n1)CCN(CC(=O)N1CCCC1)C2,7g9y-a,7ga2-a
O=C(CN1CCc2ncnc(N3CCOCC3)c2C1)N1CCCC1,7g9y-a,7ga2-a
CCc1ncc2c(n1)CCN(CC(=O)N1CCCC1)C2,7g9y-a,7ga2-a
Cc1nc(N2CCCC2)nc2c1CNCC2,7g9y-a,7ga2-a
CCS(=O)(=O)N1CCc2nc(N3CCCC3)nc(C)c2C1,7g9y-a,7ga2-a
Cc1nc(N2CCCC2)nc2c1CN(C(=O)N(C)C)CC2,7g9y-a,7ga2-a
CCC(CC)CN1CCc2nc(N3CCCC3)nc(C)c2C1,7g9y-a,7ga2-a
Cc1ncc2c(n1)CCN(C(=O)C1CCCN1)C2,7g9y-a,7ga2-a
Cc1ncc2c(n1)CCN(C(=O)NCCC1CCCN1)C2,7g9y-a,7ga2-a
Cc1ncc2c(n1)CCN(C(=O)C(=O)NCC1CCCN1)C2,7g9y-a,7ga2-a
Cc1ncc2c(n1)CCN(C(=O)CCC1CCCN1)C2,7g9y-a,7ga2-a
COc1ncnc2c1CN(C(=O)C(=O)N(C)CC1CCCN1)CC2,7g9y-a,7ga2-a
COc1ncnc2c1CN(C(=O)CCC1CCCN1)CC2,7g9y-a,7ga2-a
O=C(CCC1CCCN1)N1CCc2nc(C3CC3)ncc2C1,7g9y-a,7ga2-a
O=C(C1CCCN1)N1CCc2nc(C3CC3)ncc2C1,7g9y-a,7ga2-a
O=C(CC1CCCN1)N1CCc2nc(C3CC3)ncc2C1,7g9y-a,7ga2-a
O=C(NCCC1CCCN1)N1CCc2nc(C3CC3)ncc2C1,7g9y-a,7ga2-a
CC(C)(C)c1ncc2c(n1)CCN(C(=O)NCC1CCCN1)C2,7g9y-a,7ga2-a
CC(C)(C)c1ncc2c(n1)CCN(C(=O)C1CCCN1)C2,7g9y-a,7ga2-a
CC(C)CCc1ncc2c(n1)CCN(CC1CCCN1)C2,7g9y-a,7ga2-a
CC(C)CCc1ncc2c(n1)CCN(C(=O)CC1CCCN1)C2,7g9y-a,7ga2-a
O=C(C1CCCN1)N1CCc2nc(C(F)(F)F)ncc2C1,7g9y-a,7ga2-a
CC(C)(C)CCc1ncc2c(n1)CCN(CC1CCCN1)C2,7g9y-a,7ga2-a
CC(C)(C)CCc1ncc2c(n1)CCN(C(=O)C1CCCN1)C2,7g9y-a,7ga2-a
CN1CCc2ncnc(C3CCCN3)c2C1,7g9y-a,7ga2-a
CC(C)CCc1ncc2c(n1)CCN(CC1CCCN1)C2,7g9y-a,7ga2-a
CN1CCc2nc(O)nc(C3CCCN3)c2C1,7g9y-a,7ga2-a
CC(C)(C)CCc1ncc2c(n1)CCN(CC1CCCN1)C2,7g9y-a,7ga2-a
CN1CCc2nc(O)nc(C3CCCN3)c2C1,7g9y-a,7ga2-a
CC(C)CCc1ncc2c(n1)CCN(C(=O)CC1CCCN1)C2,7g9y-a,7ga2-a
O=C(CC1CCCN1)N1CCc2nc(C3CC3)ncc2C1,7g9y-a,7ga2-a
O=C(NCCC1CCCN1)C(=O)N1CCc2ncncc2C1,7g9y-a,7ga2-a
O=C(c1ncoc1C1CCCN1)N1CCc2ncncc2C1,7g9y-a,7ga2-a
CC(C)c1ncc2c(n1)CCN(C(=O)C1CCCN1)C2,7g9y-a,7ga2-a
Cc1ncc2c(n1)CCN(C(=O)NCCC1CCCN1)C2,7g9y-a,7ga2-a
O=C(NCCC1CCCN1)N1CCc2nc(C3CC3)ncc2C1,7g9y-a,7ga2-a
COCc1ncc2c(n1)CCN(C(=O)C(=O)NCC1CCCN1)C2,7g9y-a,7ga2-a
Cc1ncc2c(n1)CCN(C(=O)C(=O)NCC1CCCN1)C2,7g9y-a,7ga2-a
O=C(CCC1CCCN1)N1CCc2nc(C3CC3)ncc2C1,7g9y-a,7ga2-a
Cc1ncc2c(n1)CCN(C(=O)CCC1CCCN1)C2,7g9y-a,7ga2-a
COc1ncnc2c1CN(C(=O)CCC1CCCN1)CC2,7g9y-a,7ga2-a
COCc1ncc2c(n1)CCN(C(=O)CCC1CCCN1)C2,7g9y-a,7ga2-a
COCc1ncc2c(n1)CCN(C(=O)CCC1CCCN1)C2,7g9y-a,7ga2-a
COCc1ncc2c(n1)CCN(C(=O)C(=O)NCC1CCCN1)C2,7g9y-a,7ga2-a
COCc1ncc2c(n1)CCN(C(=O)C1CCCN1)C2,7g9y-a,7ga2-a
COc1ncnc2c1CN(C(=O)C(=O)N(C)CC1CCCN1)CC2,7g9y-a,7ga2-a
CC(C)(C)c1ncc2c(n1)CCN(C(=O)NCC1CCCN1)C2,7g9y-a,7ga2-a
O=C(C1CCCN1)N1CCc2ncncc2C1,7g9y-a,7ga2-a
O=C(C1CCCN1)N1CCc2nc(C(F)(F)F)ncc2C1,7g9y-a,7ga2-a
Cc1ncc2c(n1)CCN(C(=O)C1CCCN1)C2,7g9y-a,7ga2-a
CC(C)c1ncc2c(n1)CCN(C(=O)C1CCCN1)C2,7g9y-a,7ga2-a
CC(C)(C)CCc1ncc2c(n1)CCN(C(=O)C1CCCN1)C2,7g9y-a,7ga2-a
COCc1ncc2c(n1)CCN(C(=O)C1CCCN1)C2,7g9y-a,7ga2-a
O=C(C1CCCN1)N1CCc2nc(C3CC3)ncc2C1,7g9y-a,7ga2-a
O=C(c1ncoc1C1CCCN1)N1CCc2ncncc2C1,7g9y-a,7ga2-a
CC(C)(C)c1ncc2c(n1)CCN(C(=O)C1CCCN1)C2,7g9y-a,7ga2-a
CC(CNC(=O)C1CCS1(=O)=O)N(C)C(=O)COc1ccsc1,7ga3-a,7ga1-a
CC(C)N(CCNC(=O)C1CCS1(=O)=O)C(=O)c1ccsc1,7ga3-a,7ga1-a
CC(CCNC(=O)C1CS(=O)(=O)C1)NCc1ccsc1,7ga3-a,7ga1-a
CC(NC(=O)NCC(C)(O)c1ccsc1)C1CS(=O)(=O)C1,7ga3-a,7ga1-a
O=C(Cc1ccsc1)NCC(CO)NC(=O)CC1CS(=O)(=O)C1,7ga3-a,7ga1-a
CC(C)n1nc(-c2ccsc2)nc1C1CS(=O)(=O)C1,7ga3-a,7ga1-a
O=S1(=O)CC(C2CN(CCCc3ccsc3)C2)C1,7ga3-a,7ga1-a
CC(Cc1ccsc1)NC(=O)C(=O)NC(C)C1CS(=O)(=O)C1,7ga3-a,7ga1-a
CC(CN(C)C(=O)C1CS(=O)(=O)C1)NCc1ccsc1,7ga3-a,7ga1-a
CCC(CNC(=O)C1CS(=O)(=O)C1)NC(=O)COc1ccsc1,7ga3-a,7ga1-a
CCC(CNC(=O)C1CS(=O)(=O)C1)NC(=O)C(O)c1ccsc1,7ga3-a,7ga1-a
NNC(c1ccsc1)C1CCS1(=O)=O,7ga3-a,7ga1-a
O=S1(=O)CC(C2CN(CCCc3ccsc3)C2)C1,7ga3-a,7ga1-a
CC(CNC(=O)C(O)c1ccsc1)NC(=O)CC1CS(=O)(=O)C1,7ga3-a,7ga1-a
CC(CNC(=O)CC1CS(=O)(=O)C1)NCc1ccsc1,7ga3-a,7ga1-a
CC(C)C(CCNC(=O)C1CS(=O)(=O)C1)NCc1ccsc1,7ga3-a,7ga1-a
CC(NC(=O)C1CS(=O)(=O)C1)C(C)(C)NC(=O)c1ccsc1,7ga3-a,7ga1-a
CN(CCCN(C)C(=O)CC1CS(=O)(=O)C1)Cc1ccsc1,7ga3-a,7ga1-a
O=CC1(CCc2ccsc2)CS(=O)(=O)C1,7ga3-a,7ga1-a
NC1(CCc2ccsc2)CS(=O)(=O)C1,7ga3-a,7ga1-a
NCC1(CCc2ccsc2)CS(=O)(=O)C1,7ga3-a,7ga1-a
N#CC1(CCc2ccsc2)CS(=O)(=O)C1,7ga3-a,7ga1-a
O=C(NCC(O)CNC(=O)C1CS(=O)(=O)C1)c1ccsc1,7ga3-a,7ga1-a
O=C(Cc1ccsc1)OCCC1CS(=O)(=O)C1,7ga3-a,7ga1-a
CN(Cc1ccc(-c2ccsc2)cc1)C(=O)C1CS(=O)(=O)C1,7ga3-a,7ga1-a
O=S1(=O)CC(C(O)Cc2ccsc2)C1,7ga3-a,7ga1-a
CC(O)(c1ccsc1)C1CS(=O)(=O)C1,7ga3-a,7ga1-a
CC(O)(c1ccsc1)C1(C#N)CS(=O)(=O)C1,7ga3-a,7ga1-a
CC(CCNC(=O)CC1CS(=O)(=O)C1)N(C)C(=O)c1ccsc1,7ga3-a,7ga1-a
CCOC(=O)CC1(NC(=O)c2ccsc2)CS(=O)(=O)C1,7ga3-a,7ga1-a
O=S1(=O)CC(Nc2ccsc2)C1,7ga3-a,7ga1-a
NC1(c2ccsc2)CS(=O)(=O)C1,7ga3-a,7ga1-a
CN(C)C(CNC(=O)CC1(N)CS(=O)(=O)C1)c1ccsc1,7ga3-a,7ga1-a
NC1(Cc2ccsc2)CS(=O)(=O)C1,7ga3-a,7ga1-a
NC1(CCc2ccsc2)CS(=O)(=O)C1,7ga3-a,7ga1-a
CC(O)(CNC(=O)CC1(N)CS(=O)(=O)C1)c1ccsc1,7ga3-a,7ga1-a
CN(C)CCN(Cc1ccsc1)C(=O)CC1(N)CS(=O)(=O)C1,7ga3-a,7ga1-a
CC(Cc1ccsc1)OC(=O)C1(C)CS(=O)(=O)C1,7ga3-a,7ga1-a
CC(C)(C)C(CNCc1ccsc1)NC(=O)C1CS(=O)(=O)C1,7ga3-a,7ga1-a
CCC(CNC(=O)C1CS(=O)(=O)C1)NCc1ccsc1,7ga3-a,7ga1-a
CCC(CNC(=O)c1ccsc1)NC(=O)C1CCS1(=O)=O,7ga3-a,7ga1-a
NC(C(=O)N1CCCC1c1ccsc1)C1CS(=O)(=O)C1,7ga3-a,7ga1-a
NC(C(=O)N1CCC(c2ccsc2)CC1)C1CS(=O)(=O)C1,7ga3-a,7ga1-a
CC(CNC(=O)C(O)c1ccsc1)NC(=O)C1CS(=O)(=O)C1,7ga3-a,7ga1-a
CCN(CCNC(=O)C1CCS1(=O)=O)C(=O)C(O)c1ccsc1,7ga3-a,7ga1-a
CC(CN(C)C(=O)C1CS(=O)(=O)C1)NC(=O)C(O)c1ccsc1,7ga3-a,7ga1-a
O=C1CCN(Cc2ccsc2)C(=O)C(C2CS(=O)(=O)C2)N1,7ga3-a,7ga1-a
O=C(NCC(CO)NCc1ccsc1)C1CS(=O)(=O)C1,7ga3-a,7ga1-a
O=C(Cn1cc(-c2ccsc2)nn1)NCCC1CS(=O)(=O)C1,7ga3-a,7ga1-a
CC1(C(=O)Nc2ccsc2)CS(=O)(=O)C1,7ga3-a,7ga1-a
CC(C(=O)N(C)CCNC(=O)C1CCS1(=O)=O)c1ccsc1,7ga3-a,7ga1-a
CC(CN(C)Cc1ccsc1)NC(=O)CC1CS(=O)(=O)C1,7ga3-a,7ga1-a
CN(Cc1ccsc1)C(=O)NCC1(C)CS(=O)(=O)C1,7ga3-a,7ga1-a
NNC(CC1CS(=O)(=O)C1)c1ccsc1,7ga3-a,7ga1-a
CC(NC(=O)C1CS(=O)(=O)C1)C(CO)NC(=O)c1ccsc1,7ga3-a,7ga1-a
CCC(CNC(=O)CC1CS(=O)(=O)C1)NC(=O)Cc1ccsc1,7ga3-a,7ga1-a
CC(Cc1ccsc1)N(C)C(=O)CC1CS(=O)(=O)C1,7ga3-a,7ga1-a
CCCC(NCC1(C)CS(=O)(=O)C1)c1ccsc1,7ga3-a,7ga1-a
CC(CNCc1ccsc1)NC(=O)C1CS(=O)(=O)C1,7ga3-a,7ga1-a
CC(CNCc1ccsc1)(NC(=O)C1CS(=O)(=O)C1)C1CC1,7ga3-a,7ga1-a
CC(Cc1ccsc1)NC1CS(=O)(=O)C1,7ga3-a,7ga1-a
CC(CNCc1ccsc1)N(C)C(=O)C1CS(=O)(=O)C1,7ga3-a,7ga1-a
CC(CNC(=O)CC1CS(=O)(=O)C1)NC(=O)Cc1ccsc1,7ga3-a,7ga1-a
CC(NS(=O)(=O)CCc1ccsc1)C1CS(=O)(=O)C1,7ga3-a,7ga1-a
CC(CNC(=O)C1CCS1(=O)=O)NC(=O)c1ccsc1,7ga3-a,7ga1-a
O=C(Cc1ccsc1)C1CS(=O)(=O)C1,7ga3-a,7ga1-a
CN(C)C(CNS(=O)(=O)CC1CS(=O)(=O)C1)c1ccsc1,7ga3-a,7ga1-a
CC1(CS(=O)(=O)NC(CO)c2ccsc2)CS(=O)(=O)C1,7ga3-a,7ga1-a
CC(CCNC(=O)Cc1ccsc1)NC(=O)C1CS(=O)(=O)C1,7ga3-a,7ga1-a
O=C(O)C1(Cc2ccsc2)CS(=O)(=O)C1,7ga3-a,7ga1-a
O=C(Nc1ccc(-c2ccsc2)cc1)NC1CS(=O)(=O)C1,7ga3-a,7ga1-a
O=S1(=O)CCC1C(O)Cc1ccsc1,7ga3-a,7ga1-a
O=C(NCCc1ccsc1)C1CCS1(=O)=O,7ga3-a,7ga1-a
O=C(NCC(c1ccsc1)N1CCCC1)C1CCS1(=O)=O,7ga3-a,7ga1-a
CN(CCNC(=O)C(O)c1ccsc1)C(=O)C1CS(=O)(=O)C1,7ga3-a,7ga1-a
O=C(O)C1(Cc2ccsc2)CCS1(=O)=O,7ga3-a,7ga1-a
CN(CC(O)CNCc1ccsc1)C(=O)CC1CS(=O)(=O)C1,7ga3-a,7ga1-a
O=S1(=O)CC(CSCCCc2ccsc2)C1,7ga3-a,7ga1-a
CCNC(c1ccsc1)C1CS(=O)(=O)C1,7ga3-a,7ga1-a
O=S1(=O)CC(CNCCc2ccsc2)C1,7ga3-a,7ga1-a
CC(NCC1CS(=O)(=O)C1)c1ccsc1,7ga3-a,7ga1-a
CC(C)(CCNC(=O)c1ccsc1)NC(=O)C1CCS1(=O)=O,7ga3-a,7ga1-a
CC(NC(=O)N(CCN(C)C)Cc1ccsc1)C1CS(=O)(=O)C1,7ga3-a,7ga1-a
CN(C(=O)C1CS(=O)(=O)C1)C(CNCc1ccsc1)C1CC1,7ga3-a,7ga1-a
O=C(CC1CS(=O)(=O)C1)NCCN(Cc1ccsc1)C1CC1,7ga3-a,7ga1-a
CC(C)(CNC(=O)Cc1ccsc1)NC(=O)C1CCS1(=O)=O,7ga3-a,7ga1-a
CC(CNC(=O)C1CS(=O)(=O)C1)NC(=O)C(O)c1ccsc1,7ga3-a,7ga1-a
CC(CNC(=O)C1(C)CS(=O)(=O)C1)NC(=O)C(O)c1ccsc1,7ga3-a,7ga1-a
CCN(CCNC(=O)C(C)c1ccsc1)C(=O)C1CS(=O)(=O)C1,7ga3-a,7ga1-a
CC(CNCc1ccsc1)N(C)C(=O)CC1CS(=O)(=O)C1,7ga3-a,7ga1-a
CC(CNC(=O)c1ccsc1)N(C)C(=O)C1CCS1(=O)=O,7ga3-a,7ga1-a
CC(O)(CNC(=O)CC1(N)CS(=O)(=O)C1)c1ccsc1,7ga3-a,7ga1-a
CC(NC(=O)NCCc1ccsc1)C1CS(=O)(=O)C1,7ga3-a,7ga1-a
CC(N)(CC1CS(=O)(=O)C1)c1ccsc1,7ga3-a,7ga1-a
NC(Cc1ccsc1)CC1CS(=O)(=O)C1,7ga3-a,7ga1-a
CC(CN(C)C(=O)Cc1ccsc1)NC(=O)C1CS(=O)(=O)C1,7ga3-a,7ga1-a
O=C(CNC(=O)c1ccsc1)NCC1CS(=O)(=O)C1,7ga3-a,7ga1-a
O=C(NC1CS(=O)(=O)C1)c1ccsc1,7ga3-a,7ga1-a
CCOC(=O)CC1(NC(=O)c2ccsc2)CS(=O)(=O)C1,7ga3-a,7ga1-a
O=C(O)CC1(NC(=O)c2ccsc2)CS(=O)(=O)C1,7ga3-a,7ga1-a
c1nc(C2CCNC2)nc2c1CNCC2,7ga2-a,7g9y-a
O=C(CC1CCNC1)N1CCC(c2ncc3c(n2)CCNC3)CC1,7ga2-a,7g9y-a
c1nc(CN2CCCC2)nc2c1CNCC2,7ga2-a,7g9y-a
CN1CCCC1c1ncc2c(n1)CCNC2,7ga2-a,7g9y-a
CN1CCC(c2ncc3c(n2)CCNC3)C1,7ga2-a,7g9y-a
O=C(CC1CCNC1)N1CCC(c2ncc3c(n2)CCNC3)CC1,7ga2-a,7g9y-a
c1csc(-c2ncc3c(n2)CCNC3)c1,7ga1-a,7g9y-a
c1cc(-c2ncc3c(n2)CCNC3)cs1,7ga1-a,7g9y-a
Cc1cc(-c2ncc3c(n2)CCNC3)cs1,7ga1-a,7g9y-a
Cc1ccc(-c2ncc3c(n2)CCNC3)s1,7ga1-a,7g9y-a
c1csc(Cc2ncc3c(n2)CCNC3)c1,7ga1-a,7g9y-a
Clc1ccc(-c2ncc3c(n2)CCNC3)s1,7ga1-a,7g9y-a
Cc1cscc1-c1ncc2c(n1)CCNC2,7ga1-a,7g9y-a
Cc1ccsc1-c1ncc2c(n1)CCNC2,7ga1-a,7g9y-a
Brc1csc(-c2ncc3c(n2)CCNC3)c1,7ga1-a,7g9y-a
Brc1ccsc1-c1ncc2c(n1)CCNC2,7ga1-a,7g9y-a
Clc1cscc1-c1ncc2c(n1)CCNC2,7ga1-a,7g9y-a
Brc1ccc(-c2ncc3c(n2)CCNC3)s1,7ga1-a,7g9y-a
O=c1oc(-c2cccs2)nn1CCC1CS(=O)(=O)C1,7ga1-a,7ga3-a
O=C1CC(c2cccs2)CC(=O)N1CCC1CS(=O)(=O)C1,7ga1-a,7ga3-a
Cc1ccc(C(=O)N(C)C2CS(=O)(=O)C2)s1,7ga1-a,7ga3-a
Cc1cc(CNC(=O)NC(C)C2CS(=O)(=O)C2)cs1,7ga1-a,7ga3-a
Cc1ccc(C(=O)NCC(C)NC(=O)CC2CS(=O)(=O)C2)s1,7ga1-a,7ga3-a
CCC(CNC(=O)CC1CS(=O)(=O)C1)NC(=O)c1ccsc1C,7ga1-a,7ga3-a
Cc1ccc(C(=O)NC(CO)CNC(=O)C2CS(=O)(=O)C2)s1,7ga1-a,7ga3-a
Cc1ccc(S(=O)(=O)NCCC2CS(=O)(=O)C2)s1,7ga1-a,7ga3-a
Cc1sccc1C(=O)NCC(C)N(C)C(=O)C1CS(=O)(=O)C1,7ga1-a,7ga3-a
Cc1cc(CC(=O)NC(CO)CNC(=O)C2CS(=O)(=O)C2)cs1,7ga1-a,7ga3-a
Cc1ccc(CNCCC2CS(=O)(=O)C2)s1,7ga1-a,7ga3-a
Cc1sccc1C(O)C1CS(=O)(=O)C1,7ga1-a,7ga3-a
Cc1cc(NCC2CS(=O)(=O)C2)cs1,7ga1-a,7ga3-a
Cc1ccc(CNC(=O)C(=O)NC(C)C2CS(=O)(=O)C2)s1,7ga1-a,7ga3-a
CCC(CNC(=O)C1CS(=O)(=O)C1)NC(=O)c1ccsc1C,7ga1-a,7ga3-a
Cc1sccc1C(C)(N)C1CS(=O)(=O)C1,7ga1-a,7ga3-a
Cc1sccc1C(=O)NCC(C)NC(=O)CC1CS(=O)(=O)C1,7ga1-a,7ga3-a
Cc1cc(CC(=O)N(C)CCN(C)C(=O)C2CS(=O)(=O)C2)cs1,7ga1-a,7ga3-a
CCN(CCNC(=O)c1ccc(C)s1)C(=O)CC1CS(=O)(=O)C1,7ga1-a,7ga3-a
Cc1ccc(NC(=O)NCC2CS(=O)(=O)C2)s1,7ga1-a,7ga3-a
Cc1ccc(SCC2CS(=O)(=O)C2)s1,7ga1-a,7ga3-a
Cc1ccc(C(=O)C2CS(=O)(=O)C2)s1,7ga1-a,7ga3-a
Cc1cc(C(C)(O)C2CS(=O)(=O)C2)cs1,7ga1-a,7ga3-a
Cc1cc(C(O)CC2CS(=O)(=O)C2)cs1,7ga1-a,7ga3-a
Cc1cc(C(=O)NCC(C)N(C)C(=O)CC2CS(=O)(=O)C2)cs1,7ga1-a,7ga3-a
Cc1sccc1C(=O)NC(C)CN(C)C(=O)C1CS(=O)(=O)C1,7ga1-a,7ga3-a
Cc1ccc(C(=O)N(C)C(C)CNC(=O)C2CS(=O)(=O)C2)s1,7ga1-a,7ga3-a
Cc1sccc1C(=O)N(C)C(C)CCNC(=O)C1CS(=O)(=O)C1,7ga1-a,7ga3-a
Cc1ccc(CC(C)NC(=O)NC(C)C2CS(=O)(=O)C2)s1,7ga1-a,7ga3-a
Cc1ccc(C(=O)NCCN(C)C(=O)C2CS(=O)(=O)C2)s1,7ga1-a,7ga3-a
Cc1ccc(CCC(=O)NCCC2CS(=O)(=O)C2)s1,7ga1-a,7ga3-a
CCN(CCNC(=O)C1CS(=O)(=O)C1)C(=O)c1ccsc1C,7ga1-a,7ga3-a
Cc1ccc(C(=O)NC(C)CNC(=O)C2CS(=O)(=O)C2)s1,7ga1-a,7ga3-a
Cc1cc(C(F)(F)C(=O)OCC2CS(=O)(=O)C2)cs1,7ga1-a,7ga3-a
Cc1ccc(CCNC(=O)NCC2CS(=O)(=O)C2)s1,7ga1-a,7ga3-a
Cc1cc(NC(C)C2CS(=O)(=O)C2)cs1,7ga1-a,7ga3-a
Cc1ccc(C(=O)NCCC(C)NC(=O)C2CS(=O)(=O)C2)s1,7ga1-a,7ga3-a
Cc1cc(C(=O)NC(CO)C(C)NC(=O)C2CS(=O)(=O)C2)cs1,7ga1-a,7ga3-a
CCC(CNC(=O)CC1CS(=O)(=O)C1)NC(=O)c1ccc(C)s1,7ga1-a,7ga3-a
NCc1ccsc1CC1CS(=O)(=O)C1,7ga1-a,7ga3-a
Cc1sccc1CNC1CS(=O)(=O)C1,7ga1-a,7ga3-a
Cc1sccc1C(N)C1CS(=O)(=O)C1,7ga1-a,7ga3-a
Cc1sccc1C(=O)NCC(C)(C)NC(=O)CC1CS(=O)(=O)C1,7ga1-a,7ga3-a
Cc1ccc(C(=O)NCC(C)NC(=O)C2CS(=O)(=O)C2)s1,7ga1-a,7ga3-a
Cc1sccc1CC(=O)NC(C)CNC(=O)C1CS(=O)(=O)C1,7ga1-a,7ga3-a
Cc1ccc(C(=O)NCCC2CS(=O)(=O)C2)s1,7ga1-a,7ga3-a
Cc1cc(C(NN)C2CS(=O)(=O)C2)cs1,7ga1-a,7ga3-a
Cc1ccc(C(=O)NCCN(C)C(=O)CC2CS(=O)(=O)C2)s1,7ga1-a,7ga3-a
CCC(NS(=O)(=O)CC1CS(=O)(=O)C1)c1csc(C)c1,7ga1-a,7ga3-a
Cc1sccc1C(=O)N(C)C(C)CNC(=O)CC1CS(=O)(=O)C1,7ga1-a,7ga3-a
Cc1sccc1C(=O)NCCN(C)C(=O)CC1CS(=O)(=O)C1,7ga1-a,7ga3-a
Cc1ccc(CCCC(=O)NCC2CS(=O)(=O)C2)s1,7ga1-a,7ga3-a
Cc1ccc(CC(C)NC(=O)C(N)C2CS(=O)(=O)C2)s1,7ga1-a,7ga3-a
Cc1ccc(CN(CC(C)C)C(=O)C2CS(=O)(=O)C2)s1,7ga1-a,7ga3-a
Cc1ccc(CCC(=O)NCC2CS(=O)(=O)C2)s1,7ga1-a,7ga3-a
Cc1ccc(CCC(=O)N(C)C2CS(=O)(=O)C2)s1,7ga1-a,7ga3-a
Cc1cc(C(=O)OCCC2CS(=O)(=O)C2)cs1,7ga1-a,7ga3-a
Cc1cc(C(=O)NC(CO)CNC(=O)C2CS(=O)(=O)C2)cs1,7ga1-a,7ga3-a
Cc1ccc(C(=O)N(C)CCNC(=O)C2CS(=O)(=O)C2)s1,7ga1-a,7ga3-a
Cc1ccc(C(=O)N(C)CC(O)CNC(=O)C2CS(=O)(=O)C2)s1,7ga1-a,7ga3-a
Cc1ccc(CC(=O)NC(CO)CNC(=O)C2CS(=O)(=O)C2)s1,7ga1-a,7ga3-a
Cc1sccc1C(=O)NC1CS(=O)(=O)C1,7ga1-a,7ga3-a
Cc1cc(CC(=O)NC(C)CNC(=O)C2CS(=O)(=O)C2)cs1,7ga1-a,7ga3-a
Cc1ccc(C(C)N(C)C(=O)C(=O)NC(C)C2CS(=O)(=O)C2)s1,7ga1-a,7ga3-a
Cc1ccc(C(=O)NCC(CO)NC(=O)CC2CS(=O)(=O)C2)s1,7ga1-a,7ga3-a
Cc1ccc(C(=O)NCCC(C)N(C)C(=O)C2CS(=O)(=O)C2)s1,7ga1-a,7ga3-a
CCC(CNC(=O)C1CS(=O)(=O)C1)NC(=O)Cc1ccc(C)s1,7ga1-a,7ga3-a
CCN(CCNC(=O)c1ccc(C)s1)C(=O)C1CS(=O)(=O)C1,7ga1-a,7ga3-a
CCCN(CCNC(=O)c1ccc(C)s1)C(=O)C1CS(=O)(=O)C1,7ga1-a,7ga3-a
Cc1sccc1S(=O)(=O)NCC1CS(=O)(=O)C1,7ga1-a,7ga3-a
Cc1sccc1C(=O)C1CS(=O)(=O)C1,7ga1-a,7ga3-a
CCN(CC(C)NC(=O)C1CS(=O)(=O)C1)C(=O)c1ccsc1C,7ga1-a,7ga3-a
Cc1ccc(C(=O)NCC(C)N(C)C(=O)C2CS(=O)(=O)C2)s1,7ga1-a,7ga3-a
Cc1sccc1C(NN)C1CS(=O)(=O)C1,7ga1-a,7ga3-a
Cc1cc(CNCC2CS(=O)(=O)C2)cs1,7ga1-a,7ga3-a
CNC(c1csc(C)c1)C1CS(=O)(=O)C1,7ga1-a,7ga3-a
Cc1ccc(CN(CC(C)C)C(=O)CC2CS(=O)(=O)C2)s1,7ga1-a,7ga3-a
Cc1sccc1C(=O)NCCC(C)(C)NC(=O)C1CS(=O)(=O)C1,7ga1-a,7ga3-a
Cc1cc(C(=O)C2CS(=O)(=O)C2)cs1,7ga1-a,7ga3-a
Cc1sccc1C(=O)NC(C)CNC(=O)CC1CS(=O)(=O)C1,7ga1-a,7ga3-a
Cc1sccc1CC(=O)NC(C)CNC(=O)CC1CS(=O)(=O)C1,7ga1-a,7ga3-a
CCN(CCNC(=O)c1csc(C)c1)C(=O)C1CS(=O)(=O)C1,7ga1-a,7ga3-a
Cc1sccc1CC(=O)NC(C)(C)CNC(=O)C1CS(=O)(=O)C1,7ga1-a,7ga3-a
Cc1ccc(CNS(=O)(=O)C2CS(=O)(=O)C2)s1,7ga1-a,7ga3-a
Cc1sccc1CNCC1CS(=O)(=O)C1,7ga1-a,7ga3-a
CNC(c1ccsc1C)C1CS(=O)(=O)C1,7ga1-a,7ga3-a
Cc1sccc1CC(=O)NC(C)C(C)NC(=O)C1CS(=O)(=O)C1,7ga1-a,7ga3-a
CCN(CCNC(=O)Cc1csc(C)c1)C(=O)C1CS(=O)(=O)C1,7ga1-a,7ga3-a
Cc1ccc(C(C)NC2CS(=O)(=O)C2)s1,7ga1-a,7ga3-a
Cc1ccc(C(N)CC2CS(=O)(=O)C2)s1,7ga1-a,7ga3-a
Cc1ccc(C(C)(N)C2CS(=O)(=O)C2)s1,7ga1-a,7ga3-a
Cc1cc(C(F)(F)C(=O)N(C)C2CS(=O)(=O)C2)cs1,7ga1-a,7ga3-a
CCN(CCNC(=O)C1CS(=O)(=O)C1)C(=O)Cc1ccsc1C,7ga1-a,7ga3-a
Cc1ccc(CCCC(=O)NC2CS(=O)(=O)C2)s1,7ga1-a,7ga3-a
Cc1sccc1C(=O)NC(C)(C)CN(C)C(=O)C1CS(=O)(=O)C1,7ga1-a,7ga3-a
Cc1ccc(CCNC(=O)C2CS(=O)(=O)C2)s1,7ga1-a,7ga3-a
Cc1ccc(CC(=O)NCCN(C)C(=O)C2CS(=O)(=O)C2)s1,7ga1-a,7ga3-a
Cc1ccc(C(Cl)C2CS(=O)(=O)C2)s1,7ga1-a,7ga3-a
Cc1ccc(C(=O)NCC(O)CNC(=O)CC2CS(=O)(=O)C2)s1,7ga1-a,7ga3-a
Cc1ccc(C(=O)NC(C)C(C)NC(=O)C2CS(=O)(=O)C2)s1,7ga1-a,7ga3-a
